Delta,Time,CPU_FREQUENCY_0,CPU_FREQUENCY_1,CPU_FREQUENCY_10,CPU_FREQUENCY_11,CPU_FREQUENCY_2,CPU_FREQUENCY_3,CPU_FREQUENCY_4,CPU_FREQUENCY_5,CPU_FREQUENCY_6,CPU_FREQUENCY_7,CPU_FREQUENCY_8,CPU_FREQUENCY_9,CPU_USAGE_0,CPU_USAGE_1,CPU_USAGE_10,CPU_USAGE_11,CPU_USAGE_2,CPU_USAGE_3,CPU_USAGE_4,CPU_USAGE_5,CPU_USAGE_6,CPU_USAGE_7,CPU_USAGE_8,CPU_USAGE_9,DRAM_ENERGY (J),PACKAGE_ENERGY (J),PP0_ENERGY (J),PP1_ENERGY (J),TOTAL_MEMORY,TOTAL_SWAP,USED_MEMORY,USED_SWAP
0,1740545731885,2592,2592,2592,2592,2592,2592,2592,2592,2592,2592,2592,2592,0,0,0,45.7724609375,36.84318161010742,0,47.282615661621094,0,71.29682922363281,0,0,0,40190.66015625,17240.888732910156,216651.9545288086,7623.20458984375,16913207296,18253611008,9219088384,0
198,1740545731887,2592,2592,2592,2592,2592,2592,2592,2592,2592,2592,2592,2592,80.36714172363281,66.25482177734375,71.48902130126953,80.6221694946289,86.65980529785156,63.830440521240234,100,67.04612731933594,80.58381652832031,65.73197937011719,71.8028564453125,63.38174057006836,40190.67053222656,17241.060180664063,216652.11212158203,7623.20458984375,16913207296,18253611008,9221779456,0
200,1740545732085,2592,2592,2592,2592,2592,2592,2592,2592,2592,2592,2592,2592,5.9603424072265625,0.81146240234375,5.73065185546875,4.483314514160156,89.41597747802734,0.8608932495117188,54.910560607910156,0.32494354248046875,9.622444152832031,0.38360595703125,5.3675994873046875,1.4154739379882813,40190.91961669922,17247.351928710938,216658.02130126953,7623.222412109375,16913207296,18253611008,9319743488,0
6,1740545732286,2592,2592,2592,2592,2592,2592,2592,2592,2592,2592,2592,2592,0.1150360107421875,4.6517181396484375,0.8534622192382813,0,81.85043334960938,0,5.686363220214844,0,5.0496673583984375,0,8.352584838867188,0,40191.24786376953,17252.48663330078,216662.68377685547,7623.2694091796875,16913207296,18253611008,9224646656,0
