Delta,Time,CPU_FREQUENCY_0,CPU_FREQUENCY_1,CPU_FREQUENCY_10,CPU_FREQUENCY_11,CPU_FREQUENCY_2,CPU_FREQUENCY_3,CPU_FREQUENCY_4,CPU_FREQUENCY_5,CPU_FREQUENCY_6,CPU_FREQUENCY_7,CPU_FREQUENCY_8,CPU_FREQUENCY_9,CPU_USAGE_0,CPU_USAGE_1,CPU_USAGE_10,CPU_USAGE_11,CPU_USAGE_2,CPU_USAGE_3,CPU_USAGE_4,CPU_USAGE_5,CPU_USAGE_6,CPU_USAGE_7,CPU_USAGE_8,CPU_USAGE_9,DRAM_ENERGY (J),PACKAGE_ENERGY (J),PP0_ENERGY (J),PP1_ENERGY (J),TOTAL_MEMORY,TOTAL_SWAP,USED_MEMORY,USED_SWAP
0,1740539058687,2592,2592,2592,2592,2592,2592,2592,2592,2592,2592,2592,2592,43.161869049072266,25.729042053222656,32.96101379394531,30.828704833984375,77.55918884277344,21.204666137695313,59.386817932128906,56.74415969848633,54.90217208862305,23.129165649414063,61.590179443359375,24.37677001953125,35373.7890625,243739.38153076172,186171.57611083984,7471.8421630859375,16913207296,18253611008,9216901120,0
199,1740539058688,2592,2592,2592,2592,2592,2592,2592,2592,2592,2592,2592,2592,20.495323181152344,8.484504699707031,84.88721466064453,8.479537963867188,96.02452087402344,8.3182373046875,8.320716857910156,100,29.30987548828125,8.697921752929688,14.472541809082031,11.88922119140625,35373.797119140625,243739.48974609375,186171.67016601563,7471.8421630859375,16913207296,18253611008,9216925696,0
199,1740539058888,2592,2592,2592,2592,2592,2592,2592,2592,2592,2592,2592,2592,6.060791015625,0,5.839179992675781,23.019943237304688,63.67420959472656,0.9218902587890625,6.078407287597656,33.27238464355469,13.042213439941406,0,22.553680419921875,0.528778076171875,35374.07550048828,243745.9237060547,186177.669921875,7471.8944091796875,16913207296,18253611008,9285775360,0
2,1740539059088,2592,2592,2592,2592,2592,2592,2592,2592,2592,2592,2592,2592,8.497154235839844,10.265739440917969,8.672508239746094,2.210723876953125,71.99468231201172,1.6778335571289063,8.522689819335938,1.305999755859375,38.73189163208008,1.1745223999023438,13.650535583496094,1.7111663818359375,35374.42657470703,243751.79425048828,186183.07287597656,7471.9349365234375,16913207296,18253611008,9240707072,0
