Delta,Time,CPU_FREQUENCY_0,CPU_FREQUENCY_1,CPU_FREQUENCY_10,CPU_FREQUENCY_11,CPU_FREQUENCY_2,CPU_FREQUENCY_3,CPU_FREQUENCY_4,CPU_FREQUENCY_5,CPU_FREQUENCY_6,CPU_FREQUENCY_7,CPU_FREQUENCY_8,CPU_FREQUENCY_9,CPU_USAGE_0,CPU_USAGE_1,CPU_USAGE_10,CPU_USAGE_11,CPU_USAGE_2,CPU_USAGE_3,CPU_USAGE_4,CPU_USAGE_5,CPU_USAGE_6,CPU_USAGE_7,CPU_USAGE_8,CPU_USAGE_9,DRAM_ENERGY (J),PACKAGE_ENERGY (J),PP0_ENERGY (J),PP1_ENERGY (J),TOTAL_MEMORY,TOTAL_SWAP,USED_MEMORY,USED_SWAP
0,1740533257993,2592,2592,2592,2592,2592,2592,2592,2592,2592,2592,2592,2592,43.09913635253906,26.971649169921875,31.70630645751953,59.09872817993164,83.95948028564453,23.938636779785156,84.85090637207031,23.823532104492188,49.647972106933594,24.95667266845703,33.790985107421875,26.281021118164063,31169.076599121094,204749.6376953125,152142.08203125,7336.35400390625,16913207296,18253611008,9200992256,0
198,1740533257995,2592,2592,2592,2592,2592,2592,2592,2592,2592,2592,2592,2592,100,100,100,100,100,100,100,100,100,100,100,100,31169.090393066406,204750.00103759766,152142.41986083984,7336.35400390625,16913207296,18253611008,9206464512,0
200,1740533258194,2592,2592,2592,2592,2592,2592,2592,2592,2592,2592,2592,2592,5.836845397949219,3.3765411376953125,7.802955627441406,7.0449371337890625,88.6143798828125,5.129737854003906,56.75477600097656,3.1040878295898438,6.940887451171875,3.752349853515625,17.50939178466797,4.809471130371094,31169.325744628906,204756.58709716797,152148.66064453125,7336.35400390625,16913207296,18253611008,9283932160,0
2,1740533258394,2592,2592,2592,2592,2592,2592,2592,2592,2592,2592,2592,2592,2.0725250244140625,23.17383575439453,8.413673400878906,1.4822463989257813,31.520553588867188,86.26028442382813,56.958492279052734,7.729896545410156,24.89965057373047,1.2826309204101563,2.4681167602539063,1.3333206176757813,31169.640869140625,204763.96392822266,152155.65563964844,7336.3829345703125,16913207296,18253611008,9210257408,0
