Delta,Time,CPU_FREQUENCY_0,CPU_FREQUENCY_1,CPU_FREQUENCY_10,CPU_FREQUENCY_11,CPU_FREQUENCY_2,CPU_FREQUENCY_3,CPU_FREQUENCY_4,CPU_FREQUENCY_5,CPU_FREQUENCY_6,CPU_FREQUENCY_7,CPU_FREQUENCY_8,CPU_FREQUENCY_9,CPU_USAGE_0,CPU_USAGE_1,CPU_USAGE_10,CPU_USAGE_11,CPU_USAGE_2,CPU_USAGE_3,CPU_USAGE_4,CPU_USAGE_5,CPU_USAGE_6,CPU_USAGE_7,CPU_USAGE_8,CPU_USAGE_9,DRAM_ENERGY (J),PACKAGE_ENERGY (J),PP0_ENERGY (J),PP1_ENERGY (J),TOTAL_MEMORY,TOTAL_SWAP,USED_MEMORY,USED_SWAP
0,1740539335226,2592,2592,2592,2592,2592,2592,2592,2592,2592,2592,2592,2592,100,15.542160034179688,58.77463150024414,21.86528778076172,100,16.992340087890625,71.9656753540039,16.075424194335938,35.04930114746094,34.550559997558594,61.335472106933594,38.16259002685547,35573.00720214844,245381.60205078125,187591.98077392578,7477.506164550781,16913207296,18253611008,9159389184,0
198,1740539335228,2592,2592,2592,2592,2592,2592,2592,2592,2592,2592,2592,2592,100,100,100,100,100,100,100,100,100,100,100,100,35573.02117919922,245381.76977539063,187592.14434814453,7477.506164550781,16913207296,18253611008,9161949184,0
200,1740539335426,2592,2592,2592,2592,2592,2592,2592,2592,2592,2592,2592,2592,14.68682861328125,4.852294921875,7.558509826660156,6.180908203125,85.85490417480469,4.309684753417969,27.660812377929688,5.025550842285156,9.938873291015625,35.582122802734375,22.610450744628906,4.942108154296875,35573.27087402344,245388.23107910156,187598.19470214844,7477.506164550781,16913207296,18253611008,9227726848,0
200,1740539335627,2592,2592,2592,2592,2592,2592,2592,2592,2592,2592,2592,2592,1.3606338500976563,0.278411865234375,0.50396728515625,0.9362411499023438,93.22109985351563,0.1880645751953125,1.3932952880859375,0.1503753662109375,16.603546142578125,0.7192535400390625,1.21380615234375,0.5778579711914063,35573.525329589844,245393.3876953125,187602.98962402344,7477.506164550781,16913207296,18253611008,9303678976,0
3,1740539335827,2592,2592,2592,2592,2592,2592,2592,2592,2592,2592,2592,2592,3.6162261962890625,1.08929443359375,6.739158630371094,2.121826171875,95.72013854980469,1.1786651611328125,8.4825439453125,1.3010940551757813,4.605079650878906,1.9048614501953125,9.041305541992188,2.5931396484375,35573.70861816406,245399.16876220703,187608.42224121094,7477.506164550781,16913207296,18253611008,9241886720,0
