Delta,Time,CPU_FREQUENCY_0,CPU_FREQUENCY_1,CPU_FREQUENCY_10,CPU_FREQUENCY_11,CPU_FREQUENCY_2,CPU_FREQUENCY_3,CPU_FREQUENCY_4,CPU_FREQUENCY_5,CPU_FREQUENCY_6,CPU_FREQUENCY_7,CPU_FREQUENCY_8,CPU_FREQUENCY_9,CPU_USAGE_0,CPU_USAGE_1,CPU_USAGE_10,CPU_USAGE_11,CPU_USAGE_2,CPU_USAGE_3,CPU_USAGE_4,CPU_USAGE_5,CPU_USAGE_6,CPU_USAGE_7,CPU_USAGE_8,CPU_USAGE_9,DRAM_ENERGY (J),PACKAGE_ENERGY (J),PP0_ENERGY (J),PP1_ENERGY (J),TOTAL_MEMORY,TOTAL_SWAP,USED_MEMORY,USED_SWAP
0,1740529733223,2592,2592,2592,2592,2592,2592,2592,2592,2592,2592,2592,2592,100,100,100,100,100,100,100,100,100,100,100,100,28629.2109375,185399.33612060547,135543.01922607422,7250.676025390625,16913207296,18253611008,9118658560,0
198,1740529733225,2592,2592,2592,2592,2592,2592,2592,2592,2592,2592,2592,2592,75.85195922851563,67.83241271972656,98.53173828125,62.76408386230469,77.80368041992188,88.48192596435547,82.88606262207031,65.93434143066406,80.42662048339844,65.39085388183594,92.22314453125,63.059776306152344,28629.220825195313,185399.62145996094,135543.29907226563,7250.676025390625,16913207296,18253611008,9119997952,0
200,1740529733423,2592,2592,2592,2592,2592,2592,2592,2592,2592,2592,2592,2592,34.43675231933594,1.636444091796875,54.80625915527344,1.6600570678710938,75.26823425292969,3.0573196411132813,9.542572021484375,2.30682373046875,7.157279968261719,1.82855224609375,4.3962860107421875,1.7011642456054688,28629.458251953125,185406.1600341797,135549.470703125,7250.676025390625,16913207296,18253611008,9203003392,0
6,1740529733623,2592,2592,2592,2592,2592,2592,2592,2592,2592,2592,2592,2592,0.8482437133789063,0,1.4552230834960938,0,78.7176284790039,0,4.987396240234375,0,5.6647796630859375,0,0,0,28629.74676513672,185410.6499633789,135553.55126953125,7250.698181152344,16913207296,18253611008,9129451520,0
