Delta,Time,CPU_FREQUENCY_0,CPU_FREQUENCY_1,CPU_FREQUENCY_10,CPU_FREQUENCY_11,CPU_FREQUENCY_2,CPU_FREQUENCY_3,CPU_FREQUENCY_4,CPU_FREQUENCY_5,CPU_FREQUENCY_6,CPU_FREQUENCY_7,CPU_FREQUENCY_8,CPU_FREQUENCY_9,CPU_USAGE_0,CPU_USAGE_1,CPU_USAGE_10,CPU_USAGE_11,CPU_USAGE_2,CPU_USAGE_3,CPU_USAGE_4,CPU_USAGE_5,CPU_USAGE_6,CPU_USAGE_7,CPU_USAGE_8,CPU_USAGE_9,DRAM_ENERGY (J),PACKAGE_ENERGY (J),PP0_ENERGY (J),PP1_ENERGY (J),TOTAL_MEMORY,TOTAL_SWAP,USED_MEMORY,USED_SWAP
0,1740545202556,2592,2592,2592,2592,2592,2592,2592,2592,2592,2592,2592,2592,100,100,100,100,100,100,100,100,100,100,100,100,39810.13293457031,14730.113464355469,214537.94171142578,7611.7772216796875,16913207296,18253611008,9243443200,0
198,1740545202558,2592,2592,2592,2592,2592,2592,2592,2592,2592,2592,2592,2592,69.87065124511719,57.8705940246582,79.8670654296875,50.380001068115234,71.57232666015625,53.17945861816406,85.4205551147461,83.54615020751953,65.88128662109375,49.930908203125,66.0425033569336,53.75521469116211,39810.14782714844,14730.547180175781,214538.3324584961,7611.7772216796875,16913207296,18253611008,9242882048,0
200,1740545202756,2592,2592,2592,2592,2592,2592,2592,2592,2592,2592,2592,2592,6.782707214355469,2.6948318481445313,5.372589111328125,2.2733230590820313,91.39177703857422,2.3462753295898438,4.4841461181640625,52.80203628540039,10.079681396484375,2.0473480224609375,5.4000091552734375,6.103523254394531,39810.382873535156,14736.834777832031,214544.24041748047,7611.7772216796875,16913207296,18253611008,9313628160,0
6,1740545202957,2592,2592,2592,2592,2592,2592,2592,2592,2592,2592,2592,2592,2.4902420043945313,0,9.485618591308594,0,80.51554870605469,0,3.7351608276367188,0,5.962928771972656,0,0,0,39810.65881347656,14741.6982421875,214548.70947265625,7611.7772216796875,16913207296,18253611008,9237393408,0
