Delta,Time,CPU_FREQUENCY_0,CPU_FREQUENCY_1,CPU_FREQUENCY_10,CPU_FREQUENCY_11,CPU_FREQUENCY_2,CPU_FREQUENCY_3,CPU_FREQUENCY_4,CPU_FREQUENCY_5,CPU_FREQUENCY_6,CPU_FREQUENCY_7,CPU_FREQUENCY_8,CPU_FREQUENCY_9,CPU_USAGE_0,CPU_USAGE_1,CPU_USAGE_10,CPU_USAGE_11,CPU_USAGE_2,CPU_USAGE_3,CPU_USAGE_4,CPU_USAGE_5,CPU_USAGE_6,CPU_USAGE_7,CPU_USAGE_8,CPU_USAGE_9,DRAM_ENERGY (J),PACKAGE_ENERGY (J),PP0_ENERGY (J),PP1_ENERGY (J),TOTAL_MEMORY,TOTAL_SWAP,USED_MEMORY,USED_SWAP
0,1740549257183,2592,2592,2592,2592,2592,2592,2592,2592,2592,2592,2592,2592,8.700431823730469,0,20.30804443359375,5.180747985839844,74.25162506103516,0,48.80950927734375,0,45.94261169433594,0,24.12311553955078,17.000625610351563,42728.30383300781,36487.94744873047,233119.5360107422,7702.953430175781,16913207296,18253611008,9184407552,0
198,1740549257185,2592,2592,2592,2592,2592,2592,2592,2592,2592,2592,2592,2592,100,100,100,100,100,100,100,100,100,100,100,100,42728.31530761719,36488.14978027344,233119.70928955078,7702.953430175781,16913207296,18253611008,9185038336,0
200,1740549257384,2592,2592,2592,2592,2592,2592,2592,2592,2592,2592,2592,2592,21.603424072265625,14.77093505859375,9.765480041503906,8.898918151855469,87.52066040039063,6.86065673828125,58.44215774536133,6.283866882324219,19.3948974609375,6.564979553222656,15.282638549804688,11.156303405761719,42728.566955566406,36494.60760498047,233125.783203125,7702.953430175781,16913207296,18253611008,9290444800,0
6,1740549257584,2592,2592,2592,2592,2592,2592,2592,2592,2592,2592,2592,2592,0,0,0,0,88.88362121582031,0,3.9749526977539063,0,0.8783645629882813,0,7.373970031738281,0,42728.843017578125,36499.57922363281,233130.36486816406,7702.953430175781,16913207296,18253611008,9192370176,0
