Delta,Time,CPU_FREQUENCY_0,CPU_FREQUENCY_1,CPU_FREQUENCY_10,CPU_FREQUENCY_11,CPU_FREQUENCY_2,CPU_FREQUENCY_3,CPU_FREQUENCY_4,CPU_FREQUENCY_5,CPU_FREQUENCY_6,CPU_FREQUENCY_7,CPU_FREQUENCY_8,CPU_FREQUENCY_9,CPU_USAGE_0,CPU_USAGE_1,CPU_USAGE_10,CPU_USAGE_11,CPU_USAGE_2,CPU_USAGE_3,CPU_USAGE_4,CPU_USAGE_5,CPU_USAGE_6,CPU_USAGE_7,CPU_USAGE_8,CPU_USAGE_9,DRAM_ENERGY (J),PACKAGE_ENERGY (J),PP0_ENERGY (J),PP1_ENERGY (J),TOTAL_MEMORY,TOTAL_SWAP,USED_MEMORY,USED_SWAP
0,1740533940022,2592,2592,2592,2592,2592,2592,2592,2592,2592,2592,2592,2592,55.51947784423828,64.18203735351563,36.758174896240234,54.23859786987305,57.038124084472656,33.19740295410156,75.52778625488281,19.735389709472656,65.09156036376953,24.861465454101563,35.6939697265625,18.728065490722656,31660.274536132813,208603.01220703125,155458.85955810547,7351.825439453125,16913207296,18253611008,9084616704,0
198,1740533940024,2592,2592,2592,2592,2592,2592,2592,2592,2592,2592,2592,2592,100,100,100,100,100,100,100,100,100,100,100,100,31660.288513183594,208603.37658691406,155459.1865234375,7351.825439453125,16913207296,18253611008,9086500864,0
200,1740533940222,2592,2592,2592,2592,2592,2592,2592,2592,2592,2592,2592,2592,8.629432678222656,3.4970932006835938,6.8577423095703125,8.685897827148438,86.6288833618164,4.359550476074219,30.911766052246094,3.627899169921875,38.54597091674805,4.579978942871094,9.450851440429688,5.168678283691406,31660.526977539063,208609.75262451172,155465.18768310547,7351.825439453125,16913207296,18253611008,9171230720,0
6,1740533940423,2592,2592,2592,2592,2592,2592,2592,2592,2592,2592,2592,2592,0.1029510498046875,0,0,0,67.10357666015625,0,13.272834777832031,0,0,0,14.52886962890625,0,31660.799682617188,208614.36029052734,155469.390625,7351.839538574219,16913207296,18253611008,9089404928,0
