Delta,Time,CPU_FREQUENCY_0,CPU_FREQUENCY_1,CPU_FREQUENCY_10,CPU_FREQUENCY_11,CPU_FREQUENCY_2,CPU_FREQUENCY_3,CPU_FREQUENCY_4,CPU_FREQUENCY_5,CPU_FREQUENCY_6,CPU_FREQUENCY_7,CPU_FREQUENCY_8,CPU_FREQUENCY_9,CPU_USAGE_0,CPU_USAGE_1,CPU_USAGE_10,CPU_USAGE_11,CPU_USAGE_2,CPU_USAGE_3,CPU_USAGE_4,CPU_USAGE_5,CPU_USAGE_6,CPU_USAGE_7,CPU_USAGE_8,CPU_USAGE_9,DRAM_ENERGY (J),PACKAGE_ENERGY (J),PP0_ENERGY (J),PP1_ENERGY (J),TOTAL_MEMORY,TOTAL_SWAP,USED_MEMORY,USED_SWAP
0,1740526573449,2592,2592,2592,2592,2592,2592,2592,2592,2592,2592,2592,2592,19.06085968017578,0,15.727142333984375,18.425559997558594,27.52361297607422,0,50.87305450439453,0.515777587890625,90.34142303466797,0,0,0,26354.90899658203,167118.24932861328,119770.4008178711,7173.6181640625,16913207296,18253611008,9260183552,0
198,1740526573451,2592,2592,2592,2592,2592,2592,2592,2592,2592,2592,2592,2592,76.5101318359375,72.79554748535156,74.52799224853516,74.71493530273438,92.92999267578125,71.08998107910156,100,75.45503997802734,88.61807250976563,68.10781860351563,83.09356689453125,68.28387451171875,26354.91778564453,167118.41162109375,119770.56817626953,7173.6181640625,16913207296,18253611008,9263620096,0
200,1740526573650,2592,2592,2592,2592,2592,2592,2592,2592,2592,2592,2592,2592,3.1604766845703125,0,5.416954040527344,0.8034286499023438,84.25572204589844,0,32.47356414794922,0.872039794921875,11.914222717285156,0,21.16368865966797,0,26355.15399169922,167124.5560913086,119776.3247680664,7173.6181640625,16913207296,18253611008,9343516672,0
6,1740526573851,2592,2592,2592,2592,2592,2592,2592,2592,2592,2592,2592,2592,6.85797119140625,4.0562591552734375,8.251052856445313,8.115058898925781,72.08841705322266,14.557777404785156,27.403831481933594,2.9466781616210938,19.843910217285156,9.178199768066406,21.808082580566406,8.876258850097656,26355.471130371094,167130.69464111328,119782.04626464844,7173.6181640625,16913207296,18253611008,9210085376,0
