Delta,Time,CPU_FREQUENCY_0,CPU_FREQUENCY_1,CPU_FREQUENCY_10,CPU_FREQUENCY_11,CPU_FREQUENCY_2,CPU_FREQUENCY_3,CPU_FREQUENCY_4,CPU_FREQUENCY_5,CPU_FREQUENCY_6,CPU_FREQUENCY_7,CPU_FREQUENCY_8,CPU_FREQUENCY_9,CPU_USAGE_0,CPU_USAGE_1,CPU_USAGE_10,CPU_USAGE_11,CPU_USAGE_2,CPU_USAGE_3,CPU_USAGE_4,CPU_USAGE_5,CPU_USAGE_6,CPU_USAGE_7,CPU_USAGE_8,CPU_USAGE_9,DRAM_ENERGY (J),PACKAGE_ENERGY (J),PP0_ENERGY (J),PP1_ENERGY (J),TOTAL_MEMORY,TOTAL_SWAP,USED_MEMORY,USED_SWAP
0,1740547214811,2592,2592,2592,2592,2592,2592,2592,2592,2592,2592,2592,2592,32.539268493652344,1.942413330078125,20.707847595214844,9.214378356933594,60.13848876953125,1.4008026123046875,49.219722747802734,0.6873550415039063,76.02912139892578,0,45.632110595703125,0,41259.32531738281,25229.956665039063,223483.29663085938,7658.353454589844,16913207296,18253611008,9256755200,0
200,1740547214811,2592,2592,2592,2592,2592,2592,2592,2592,2592,2592,2592,2592,100,100,100,100,100,100,100,100,100,100,100,100,41259.330810546875,25230.04412841797,223483.3975830078,7658.353454589844,16913207296,18253611008,9256779776,0
200,1740547215011,2592,2592,2592,2592,2592,2592,2592,2592,2592,2592,2592,2592,11.676040649414063,10.520042419433594,20.06334686279297,5.468223571777344,69.582275390625,6.296913146972656,59.417476654052734,5.2154693603515625,13.677810668945313,6.70623779296875,9.150871276855469,7.944389343261719,41259.56481933594,25236.33856201172,223489.32586669922,7658.353454589844,16913207296,18253611008,9338769408,0
2,1740547215212,2592,2592,2592,2592,2592,2592,2592,2592,2592,2592,2592,2592,1.7755661010742188,0.3829345703125,1.5127105712890625,0.41716766357421875,62.115577697753906,1.0708541870117188,4.764007568359375,0.4528961181640625,31.70819854736328,2.3600387573242188,1.9157333374023438,0.28619384765625,41259.838806152344,25241.024963378906,223493.64685058594,7658.353454589844,16913207296,18253611008,9257009152,0
