Delta,Time,CPU_FREQUENCY_0,CPU_FREQUENCY_1,CPU_FREQUENCY_10,CPU_FREQUENCY_11,CPU_FREQUENCY_2,CPU_FREQUENCY_3,CPU_FREQUENCY_4,CPU_FREQUENCY_5,CPU_FREQUENCY_6,CPU_FREQUENCY_7,CPU_FREQUENCY_8,CPU_FREQUENCY_9,CPU_USAGE_0,CPU_USAGE_1,CPU_USAGE_10,CPU_USAGE_11,CPU_USAGE_2,CPU_USAGE_3,CPU_USAGE_4,CPU_USAGE_5,CPU_USAGE_6,CPU_USAGE_7,CPU_USAGE_8,CPU_USAGE_9,DRAM_ENERGY (J),PACKAGE_ENERGY (J),PP0_ENERGY (J),PP1_ENERGY (J),TOTAL_MEMORY,TOTAL_SWAP,USED_MEMORY,USED_SWAP
0,1740546135968,2592,2592,2592,2592,2592,2592,2592,2592,2592,2592,2592,2592,38.14418029785156,28.99744415283203,29.91192626953125,44.06572723388672,72.94097900390625,28.432968139648438,39.53785705566406,25.91480255126953,79.56954956054688,26.164260864257813,67.52154541015625,25.036590576171875,40483.129943847656,19466.831970214844,218563.65362548828,7633.269226074219,16913207296,18253611008,9212809216,0
198,1740546135970,2592,2592,2592,2592,2592,2592,2592,2592,2592,2592,2592,2592,100,100,100,100,100,100,100,100,100,100,100,100,40483.1416015625,19467.14129638672,218563.94189453125,7633.269226074219,16913207296,18253611008,9191821312,0
200,1740546136169,2592,2592,2592,2592,2592,2592,2592,2592,2592,2592,2592,2592,8.646682739257813,3.5876541137695313,16.690628051757813,3.3258895874023438,86.42192077636719,2.7533187866210938,39.04808044433594,2.3145370483398438,25.859909057617188,4.3177337646484375,7.0701141357421875,2.5137786865234375,40483.37121582031,19473.662170410156,218570.0757446289,7633.269226074219,16913207296,18253611008,9287614464,0
2,1740546136369,2592,2592,2592,2592,2592,2592,2592,2592,2592,2592,2592,2592,3.7649612426757813,0.23122406005859375,2.0145721435546875,0.480682373046875,66.12895965576172,0.9904251098632813,31.712356567382813,0.44171905517578125,4.420867919921875,0.46369171142578125,7.1208648681640625,0.419036865234375,40483.647705078125,19478.502685546875,218574.54107666016,7633.269226074219,16913207296,18253611008,9199984640,0
