Delta,Time,CPU_FREQUENCY_0,CPU_FREQUENCY_1,CPU_FREQUENCY_10,CPU_FREQUENCY_11,CPU_FREQUENCY_2,CPU_FREQUENCY_3,CPU_FREQUENCY_4,CPU_FREQUENCY_5,CPU_FREQUENCY_6,CPU_FREQUENCY_7,CPU_FREQUENCY_8,CPU_FREQUENCY_9,CPU_USAGE_0,CPU_USAGE_1,CPU_USAGE_10,CPU_USAGE_11,CPU_USAGE_2,CPU_USAGE_3,CPU_USAGE_4,CPU_USAGE_5,CPU_USAGE_6,CPU_USAGE_7,CPU_USAGE_8,CPU_USAGE_9,DRAM_ENERGY (J),PACKAGE_ENERGY (J),PP0_ENERGY (J),PP1_ENERGY (J),TOTAL_MEMORY,TOTAL_SWAP,USED_MEMORY,USED_SWAP
0,1740529602472,2592,2592,2592,2592,2592,2592,2592,2592,2592,2592,2592,2592,66.34333801269531,8.454338073730469,22.29016876220703,33.96351623535156,86.77204895019531,32.13623809814453,56.122798919677734,53.723270416259766,66.76216125488281,37.30104064941406,61.355224609375,100,28534.994262695313,184783.4111328125,135024.25122070313,7247.6708984375,16913207296,18253611008,9214763008,0
198,1740529602474,2592,2592,2592,2592,2592,2592,2592,2592,2592,2592,2592,2592,0,0,21.261329650878906,0,88.26607513427734,0,0,6.007232666015625,100,0,2.6462020874023438,0,28535.012939453125,184783.86407470703,135024.67376708984,7247.6708984375,16913207296,18253611008,9219608576,0
200,1740529602673,2592,2592,2592,2592,2592,2592,2592,2592,2592,2592,2592,2592,5.044700622558594,2.0755844116210938,5.031219482421875,7.419853210449219,87.35279846191406,1.3222274780273438,9.516716003417969,2.8607635498046875,52.82594680786133,3.3228607177734375,8.028816223144531,2.2550888061523438,28535.294799804688,184790.25201416016,135030.62811279297,7247.705871582031,16913207296,18253611008,9267105792,0
2,1740529602873,2592,2592,2592,2592,2592,2592,2592,2592,2592,2592,2592,2592,3.4385528564453125,0.27086639404296875,1.9422225952148438,0.640533447265625,62.94868850708008,1.8081588745117188,8.665687561035156,0.7761383056640625,27.271240234375,1.2262649536132813,3.4181747436523438,0.366912841796875,28535.613830566406,184794.93591308594,135034.8924560547,7247.74462890625,16913207296,18253611008,9193422848,0
