Delta,Time,CPU_FREQUENCY_0,CPU_FREQUENCY_1,CPU_FREQUENCY_10,CPU_FREQUENCY_11,CPU_FREQUENCY_2,CPU_FREQUENCY_3,CPU_FREQUENCY_4,CPU_FREQUENCY_5,CPU_FREQUENCY_6,CPU_FREQUENCY_7,CPU_FREQUENCY_8,CPU_FREQUENCY_9,CPU_USAGE_0,CPU_USAGE_1,CPU_USAGE_10,CPU_USAGE_11,CPU_USAGE_2,CPU_USAGE_3,CPU_USAGE_4,CPU_USAGE_5,CPU_USAGE_6,CPU_USAGE_7,CPU_USAGE_8,CPU_USAGE_9,DRAM_ENERGY (J),PACKAGE_ENERGY (J),PP0_ENERGY (J),PP1_ENERGY (J),TOTAL_MEMORY,TOTAL_SWAP,USED_MEMORY,USED_SWAP
0,1740533742391,2592,2592,2592,2592,2592,2592,2592,2592,2592,2592,2592,2592,100,100,100,100,100,100,100,100,100,100,100,100,31517.83660888672,207650.26373291016,154655.54943847656,7347.8514404296875,16913207296,18253611008,9155510272,0
198,1740533742393,2592,2592,2592,2592,2592,2592,2592,2592,2592,2592,2592,2592,100,100,100,100,100,100,100,100,100,100,100,100,31517.852478027344,207650.66888427734,154655.92248535156,7347.8514404296875,16913207296,18253611008,9157791744,0
200,1740533742591,2592,2592,2592,2592,2592,2592,2592,2592,2592,2592,2592,2592,6.907806396484375,7.860145568847656,7.816123962402344,2.6011276245117188,74.21495056152344,4.085700988769531,6.6156005859375,56.98143005371094,6.7322998046875,2.3812484741210938,23.725555419921875,2.9649200439453125,31518.0576171875,207657.16900634766,154662.07763671875,7347.8514404296875,16913207296,18253611008,9200013312,0
200,1740533742792,2592,2592,2592,2592,2592,2592,2592,2592,2592,2592,2592,2592,1.312530517578125,0.03851318359375,0.7082443237304688,0.5615768432617188,23.957908630371094,2.9933242797851563,72.51128387451172,0.25566864013671875,3.358245849609375,0.05986785888671875,0.7349395751953125,0.474029541015625,31518.263305664063,207661.47888183594,154666.01153564453,7347.8514404296875,16913207296,18253611008,9378623488,0
200,1740533742992,2592,2592,2592,2592,2592,2592,2592,2592,2592,2592,2592,2592,3.194305419921875,1.1121902465820313,4.185417175292969,1.3864517211914063,95.445556640625,1.8165130615234375,9.222900390625,1.3863525390625,5.454345703125,1.8249740600585938,3.6363906860351563,1.36572265625,31518.53985595703,207666.69354248047,154670.84790039063,7347.8514404296875,16913207296,18253611008,9602289664,0
3,1740533743193,2592,2592,2592,2592,2592,2592,2592,2592,2592,2592,2592,2592,0.0517578125,0,0.2723236083984375,0,62.68121337890625,0,4.950225830078125,0,1.5113601684570313,0,8.259086608886719,0,31518.760803222656,207670.41430664063,154674.25079345703,7347.8514404296875,16913207296,18253611008,9161302016,0
