Delta,Time,CPU_FREQUENCY_0,CPU_FREQUENCY_1,CPU_FREQUENCY_10,CPU_FREQUENCY_11,CPU_FREQUENCY_2,CPU_FREQUENCY_3,CPU_FREQUENCY_4,CPU_FREQUENCY_5,CPU_FREQUENCY_6,CPU_FREQUENCY_7,CPU_FREQUENCY_8,CPU_FREQUENCY_9,CPU_USAGE_0,CPU_USAGE_1,CPU_USAGE_10,CPU_USAGE_11,CPU_USAGE_2,CPU_USAGE_3,CPU_USAGE_4,CPU_USAGE_5,CPU_USAGE_6,CPU_USAGE_7,CPU_USAGE_8,CPU_USAGE_9,DRAM_ENERGY (J),PACKAGE_ENERGY (J),PP0_ENERGY (J),PP1_ENERGY (J),TOTAL_MEMORY,TOTAL_SWAP,USED_MEMORY,USED_SWAP
0,1740548286573,2592,2592,2592,2592,2592,2592,2592,2592,2592,2592,2592,2592,36.50735855102539,23.290443420410156,27.685447692871094,33.298866271972656,75.25625610351563,19.365196228027344,51.88794708251953,31.426239013671875,76.65084075927734,34.90215301513672,39.14780807495117,37.342830657958984,42030.427673339844,30703.14324951172,228123.61688232422,7681.374267578125,16913207296,18253611008,9276768256,0
197,1740548286575,2592,2592,2592,2592,2592,2592,2592,2592,2592,2592,2592,2592,100,100,100,100,100,100,100,100,100,100,100,100,42030.442138671875,30703.533447265625,228123.9871826172,7681.374267578125,16913207296,18253611008,9278472192,0
200,1740548286773,2592,2592,2592,2592,2592,2592,2592,2592,2592,2592,2592,2592,8.359786987304688,11.067680358886719,7.877113342285156,4.429069519042969,71.92879486083984,5.790184020996094,35.002647399902344,4.000556945800781,10.659744262695313,6.2590179443359375,37.34439468383789,17.765869140625,42030.64807128906,30709.861938476563,228129.9320678711,7681.374267578125,16913207296,18253611008,9333542912,0
200,1740548286974,2592,2592,2592,2592,2592,2592,2592,2592,2592,2592,2592,2592,10.10693359375,0.5789718627929688,1.49591064453125,0.01834869384765625,31.93914794921875,2.6392898559570313,23.81585693359375,0.33228302001953125,54.207645416259766,0.5211410522460938,1.1599349975585938,0.0492095947265625,42030.899353027344,30715.344360351563,228135.06243896484,7681.374267578125,16913207296,18253611008,9615212544,0
6,1740548287175,2592,2592,2592,2592,2592,2592,2592,2592,2592,2592,2592,2592,8.543914794921875,1.4686737060546875,7.544891357421875,3.34698486328125,92.00728607177734,1.9942703247070313,12.9091796875,2.006561279296875,6.8320465087890625,1.6027374267578125,3.4078216552734375,1.5980377197265625,42031.150329589844,30720.654052734375,228139.97216796875,7681.374267578125,16913207296,18253611008,9287622656,0
