Delta,Time,CPU_FREQUENCY_0,CPU_FREQUENCY_1,CPU_FREQUENCY_10,CPU_FREQUENCY_11,CPU_FREQUENCY_2,CPU_FREQUENCY_3,CPU_FREQUENCY_4,CPU_FREQUENCY_5,CPU_FREQUENCY_6,CPU_FREQUENCY_7,CPU_FREQUENCY_8,CPU_FREQUENCY_9,CPU_USAGE_0,CPU_USAGE_1,CPU_USAGE_10,CPU_USAGE_11,CPU_USAGE_2,CPU_USAGE_3,CPU_USAGE_4,CPU_USAGE_5,CPU_USAGE_6,CPU_USAGE_7,CPU_USAGE_8,CPU_USAGE_9,DRAM_ENERGY (J),PACKAGE_ENERGY (J),PP0_ENERGY (J),PP1_ENERGY (J),TOTAL_MEMORY,TOTAL_SWAP,USED_MEMORY,USED_SWAP
0,1740540148998,2592,2592,2592,2592,2592,2592,2592,2592,2592,2592,2592,2592,43.92840576171875,9.984397888183594,28.417869567871094,14.741920471191406,74.60162353515625,21.127479553222656,15.369857788085938,45.799442291259766,68.19623565673828,15.648017883300781,60.501712799072266,11.707077026367188,36159.269470214844,249861.06072998047,191433.39001464844,7498.353576660156,16913207296,18253611008,9223114752,0
198,1740540149000,2592,2592,2592,2592,2592,2592,2592,2592,2592,2592,2592,2592,100,100,100,100,100,100,100,100,100,100,100,100,36159.277893066406,249861.1967163086,191433.53118896484,7498.353576660156,16913207296,18253611008,9225715712,0
200,1740540149198,2592,2592,2592,2592,2592,2592,2592,2592,2592,2592,2592,2592,8.408447265625,4.968009948730469,9.114463806152344,6.54962158203125,89.19298553466797,7.36749267578125,27.53430938720703,35.32048797607422,12.197418212890625,5.8841400146484375,12.066162109375,4.8786468505859375,36159.513244628906,249867.5128173828,191439.4539794922,7498.353576660156,16913207296,18253611008,9311145984,0
6,1740540149399,2592,2592,2592,2592,2592,2592,2592,2592,2592,2592,2592,2592,8.469688415527344,4.670066833496094,0,0,82.32077026367188,0,2.8396987915039063,0,6.431297302246094,0,0.0216827392578125,0,36159.79620361328,249872.28741455078,191443.8067626953,7498.353576660156,16913207296,18253611008,9225981952,0
