Delta,Time,CPU_FREQUENCY_0,CPU_FREQUENCY_1,CPU_FREQUENCY_10,CPU_FREQUENCY_11,CPU_FREQUENCY_2,CPU_FREQUENCY_3,CPU_FREQUENCY_4,CPU_FREQUENCY_5,CPU_FREQUENCY_6,CPU_FREQUENCY_7,CPU_FREQUENCY_8,CPU_FREQUENCY_9,CPU_USAGE_0,CPU_USAGE_1,CPU_USAGE_10,CPU_USAGE_11,CPU_USAGE_2,CPU_USAGE_3,CPU_USAGE_4,CPU_USAGE_5,CPU_USAGE_6,CPU_USAGE_7,CPU_USAGE_8,CPU_USAGE_9,DRAM_ENERGY (J),PACKAGE_ENERGY (J),PP0_ENERGY (J),PP1_ENERGY (J),TOTAL_MEMORY,TOTAL_SWAP,USED_MEMORY,USED_SWAP
0,1740525272764,2592,2592,2592,2592,2592,2592,2592,2592,2592,2592,2592,2592,100,100,100,100,100,100,100,100,100,100,100,100,25418.086181640625,159648.8617553711,113327.7109375,7145.7340087890625,16913207296,18253611008,9169743872,0
198,1740525272766,2592,2592,2592,2592,2592,2592,2592,2592,2592,2592,2592,2592,76.47427368164063,72.46869659423828,82.54338836669922,69.5924072265625,88.7320785522461,70.90522003173828,80.71453094482422,72.488525390625,75.0303726196289,65.98265838623047,85.80463409423828,72.77244567871094,25418.096557617188,159649.02459716797,113327.85095214844,7145.7340087890625,16913207296,18253611008,9169756160,0
200,1740525272964,2592,2592,2592,2592,2592,2592,2592,2592,2592,2592,2592,2592,4.311927795410156,1.23162841796875,54.3271484375,0.5740737915039063,67.79600524902344,3.807525634765625,23.13671112060547,1.3356781005859375,14.197502136230469,1.2663650512695313,6.04107666015625,1.5540542602539063,25418.328552246094,159655.17462158203,113333.66027832031,7145.7340087890625,16913207296,18253611008,9236873216,0
200,1740525273165,2592,2592,2592,2592,2592,2592,2592,2592,2592,2592,2592,2592,5.82159423828125,0.18444061279296875,1.9853897094726563,0.6338043212890625,75.29875183105469,0.3596649169921875,28.034584045410156,0.19915008544921875,3.4222946166992188,0.62896728515625,1.8962860107421875,2.6640777587890625,25418.59832763672,159660.15795898438,113338.25317382813,7145.7340087890625,16913207296,18253611008,9302671360,0
5,1740525273365,2592,2592,2592,2592,2592,2592,2592,2592,2592,2592,2592,2592,2.18743896484375,1.3408432006835938,2.3775634765625,1.4666671752929688,4.5628662109375,10.851493835449219,9.412811279296875,1.1273574829101563,5.479606628417969,1.4342498779296875,3.9362258911132813,4.4500885009765625,25418.74578857422,159661.00390625,113338.95794677734,7145.7340087890625,16913207296,18253611008,9164607488,0
