Delta,Time,CPU_FREQUENCY_0,CPU_FREQUENCY_1,CPU_FREQUENCY_10,CPU_FREQUENCY_11,CPU_FREQUENCY_2,CPU_FREQUENCY_3,CPU_FREQUENCY_4,CPU_FREQUENCY_5,CPU_FREQUENCY_6,CPU_FREQUENCY_7,CPU_FREQUENCY_8,CPU_FREQUENCY_9,CPU_USAGE_0,CPU_USAGE_1,CPU_USAGE_10,CPU_USAGE_11,CPU_USAGE_2,CPU_USAGE_3,CPU_USAGE_4,CPU_USAGE_5,CPU_USAGE_6,CPU_USAGE_7,CPU_USAGE_8,CPU_USAGE_9,DRAM_ENERGY (J),PACKAGE_ENERGY (J),PP0_ENERGY (J),PP1_ENERGY (J),TOTAL_MEMORY,TOTAL_SWAP,USED_MEMORY,USED_SWAP
0,1740529116219,2592,2592,2592,2592,2592,2592,2592,2592,2592,2592,2592,2592,13.254615783691406,0,4.353424072265625,31.797447204589844,59.388023376464844,0,16.81024932861328,0,74.28345489501953,0,6.488075256347656,0,28186.385498046875,181960.59197998047,132589.125,7237.1263427734375,16913207296,18253611008,9120555008,0
200,1740529116219,2592,2592,2592,2592,2592,2592,2592,2592,2592,2592,2592,2592,100,100,100,100,100,100,100,100,100,100,100,100,28186.390258789063,181960.66009521484,132589.1919555664,7237.1263427734375,16913207296,18253611008,9123041280,0
200,1740529116420,2592,2592,2592,2592,2592,2592,2592,2592,2592,2592,2592,2592,10.563400268554688,20.645591735839844,16.891464233398438,19.282066345214844,76.89207458496094,7.018424987792969,13.219429016113281,5.990020751953125,61.89323043823242,5.681854248046875,9.462898254394531,15.690101623535156,28186.62860107422,181967.5672607422,132595.69720458984,7237.1263427734375,16913207296,18253611008,9176915968,0
200,1740529116620,2592,2592,2592,2592,2592,2592,2592,2592,2592,2592,2592,2592,1.4393997192382813,0,0,0,96.80387115478516,0,0.44122314453125,0,0.96563720703125,0,0,0,28186.845947265625,181971.95568847656,132599.71533203125,7237.1263427734375,16913207296,18253611008,9408872448,0
200,1740529116820,2592,2592,2592,2592,2592,2592,2592,2592,2592,2592,2592,2592,7.49786376953125,1.6002731323242188,2.7692489624023438,2.3072280883789063,95.43658447265625,1.6843490600585938,5.540168762207031,1.6785812377929688,7.501609802246094,1.6223602294921875,3.6463394165039063,1.4738311767578125,28187.113708496094,181977.4506225586,132604.82641601563,7237.1263427734375,16913207296,18253611008,9580892160,0
6,1740529117021,2592,2592,2592,2592,2592,2592,2592,2592,2592,2592,2592,2592,0.1903228759765625,0,0,0,54.18977737426758,0,6.035919189453125,0,0,0,6.880828857421875,0,28187.326171875,181980.6001586914,132607.61785888672,7237.1263427734375,16913207296,18253611008,9123606528,0
