Delta,Time,CPU_FREQUENCY_0,CPU_FREQUENCY_1,CPU_FREQUENCY_10,CPU_FREQUENCY_11,CPU_FREQUENCY_2,CPU_FREQUENCY_3,CPU_FREQUENCY_4,CPU_FREQUENCY_5,CPU_FREQUENCY_6,CPU_FREQUENCY_7,CPU_FREQUENCY_8,CPU_FREQUENCY_9,CPU_USAGE_0,CPU_USAGE_1,CPU_USAGE_10,CPU_USAGE_11,CPU_USAGE_2,CPU_USAGE_3,CPU_USAGE_4,CPU_USAGE_5,CPU_USAGE_6,CPU_USAGE_7,CPU_USAGE_8,CPU_USAGE_9,DRAM_ENERGY (J),PACKAGE_ENERGY (J),PP0_ENERGY (J),PP1_ENERGY (J),TOTAL_MEMORY,TOTAL_SWAP,USED_MEMORY,USED_SWAP
0,1740529667846,2592,2592,2592,2592,2592,2592,2592,2592,2592,2592,2592,2592,75.6191635131836,22.231597900390625,27.172096252441406,31.731475830078125,84.72320556640625,22.22840118408203,65.31356048583984,25.10791015625,45.399375915527344,23.972862243652344,40.80099105834961,22.600570678710938,28582.680786132813,185127.59161376953,135318.3271484375,7249.317199707031,16913207296,18253611008,9122971648,0
200,1740529667846,2592,2592,2592,2592,2592,2592,2592,2592,2592,2592,2592,2592,100,100,100,100,100,100,100,100,100,100,100,100,28582.69287109375,185127.90362548828,135318.63427734375,7249.317199707031,16913207296,18253611008,9124810752,0
200,1740529668046,2592,2592,2592,2592,2592,2592,2592,2592,2592,2592,2592,2592,11.422126770019531,5.7089691162109375,5.515129089355469,5.429512023925781,87.67375183105469,3.0679779052734375,24.929733276367188,3.4345245361328125,36.073238372802734,3.1409835815429688,10.898040771484375,3.4613189697265625,28582.924682617188,185134.14678955078,135324.51629638672,7249.317199707031,16913207296,18253611008,9209311232,0
6,1740529668247,2592,2592,2592,2592,2592,2592,2592,2592,2592,2592,2592,2592,21.19580078125,0.1292724609375,11.745887756347656,1.8463897705078125,49.32921600341797,3.0348358154296875,22.83019256591797,1.8202896118164063,44.595375061035156,0,14.554611206054688,0.23809051513671875,28583.251708984375,185140.61309814453,135330.5796508789,7249.317199707031,16913207296,18253611008,9155813376,0
