Delta,Time,CPU_FREQUENCY_0,CPU_FREQUENCY_1,CPU_FREQUENCY_10,CPU_FREQUENCY_11,CPU_FREQUENCY_2,CPU_FREQUENCY_3,CPU_FREQUENCY_4,CPU_FREQUENCY_5,CPU_FREQUENCY_6,CPU_FREQUENCY_7,CPU_FREQUENCY_8,CPU_FREQUENCY_9,CPU_USAGE_0,CPU_USAGE_1,CPU_USAGE_10,CPU_USAGE_11,CPU_USAGE_2,CPU_USAGE_3,CPU_USAGE_4,CPU_USAGE_5,CPU_USAGE_6,CPU_USAGE_7,CPU_USAGE_8,CPU_USAGE_9,DRAM_ENERGY (J),PACKAGE_ENERGY (J),PP0_ENERGY (J),PP1_ENERGY (J),TOTAL_MEMORY,TOTAL_SWAP,USED_MEMORY,USED_SWAP
0,1740546540095,2592,2592,2592,2592,2592,2592,2592,2592,2592,2592,2592,2592,100,100,100,100,100,100,100,100,100,100,100,100,40775.408264160156,21682.62615966797,220464.7303466797,7641.8660888671875,16913207296,18253611008,9194573824,0
197,1740546540097,2592,2592,2592,2592,2592,2592,2592,2592,2592,2592,2592,2592,87.16187286376953,64.35118103027344,94.45243835449219,61.40438461303711,86.2152099609375,61.66855239868164,77.72021484375,64.17080688476563,69.97486114501953,65.68610382080078,69.05570983886719,62.45338821411133,40775.42138671875,21682.75469970703,220464.8330078125,7641.8660888671875,16913207296,18253611008,9194655744,0
200,1740546540295,2592,2592,2592,2592,2592,2592,2592,2592,2592,2592,2592,2592,20.69513702392578,1.4795150756835938,55.172096252441406,1.4794158935546875,81.45502471923828,2.5420379638671875,25.255638122558594,2.264312744140625,8.916824340820313,1.8748855590820313,7.05694580078125,2.0264129638671875,40775.67102050781,21689.31072998047,220471.03057861328,7641.8660888671875,16913207296,18253611008,9295478784,0
200,1740546540496,2592,2592,2592,2592,2592,2592,2592,2592,2592,2592,2592,2592,1.2600631713867188,0.31693267822265625,0.6038589477539063,1.0763931274414063,93.66877746582031,0.49462127685546875,8.728851318359375,0.39705657958984375,1.8733901977539063,0.6072998046875,2.79254150390625,0.46031951904296875,40775.92236328125,21694.449462890625,220475.8021850586,7641.8660888671875,16913207296,18253611008,9342701568,0
3,1740546540696,2592,2592,2592,2592,2592,2592,2592,2592,2592,2592,2592,2592,3.0156478881835938,0.04225921630859375,2.8299331665039063,1.396728515625,96.46139526367188,0.1267852783203125,8.836830139160156,0.130828857421875,3.6312637329101563,0.14385223388671875,4.6002349853515625,2.3265380859375,40776.10528564453,21700.357849121094,220481.3465576172,7641.8660888671875,16913207296,18253611008,9270460416,0
