Delta,Time,CPU_FREQUENCY_0,CPU_FREQUENCY_1,CPU_FREQUENCY_10,CPU_FREQUENCY_11,CPU_FREQUENCY_2,CPU_FREQUENCY_3,CPU_FREQUENCY_4,CPU_FREQUENCY_5,CPU_FREQUENCY_6,CPU_FREQUENCY_7,CPU_FREQUENCY_8,CPU_FREQUENCY_9,CPU_USAGE_0,CPU_USAGE_1,CPU_USAGE_10,CPU_USAGE_11,CPU_USAGE_2,CPU_USAGE_3,CPU_USAGE_4,CPU_USAGE_5,CPU_USAGE_6,CPU_USAGE_7,CPU_USAGE_8,CPU_USAGE_9,DRAM_ENERGY (J),PACKAGE_ENERGY (J),PP0_ENERGY (J),PP1_ENERGY (J),TOTAL_MEMORY,TOTAL_SWAP,USED_MEMORY,USED_SWAP
0,1740540412641,2592,2592,2592,2592,2592,2592,2592,2592,2592,2592,2592,2592,100,3.1600112915039063,55.31175994873047,26.306228637695313,100,4.730110168457031,29.842910766601563,60.16795349121094,27.04290771484375,84.3585205078125,93.69900512695313,23.233444213867188,36349.47314453125,251131.4087524414,192506.86010742188,7503.5157470703125,16913207296,18253611008,9184485376,0
198,1740540412643,2592,2592,2592,2592,2592,2592,2592,2592,2592,2592,2592,2592,0,0,100,0,55.175838470458984,0,0,0,0,0,0,0,36349.490295410156,251131.84783935547,192507.24908447266,7503.5157470703125,16913207296,18253611008,9188057088,0
200,1740540412841,2592,2592,2592,2592,2592,2592,2592,2592,2592,2592,2592,2592,10.004623413085938,5.442085266113281,52.82301712036133,2.9574432373046875,71.4109115600586,5.1660614013671875,10.096122741699219,3.9439239501953125,20.733642578125,2.8145294189453125,7.077545166015625,7.4005584716796875,36349.722595214844,251137.84454345703,192512.88763427734,7503.5157470703125,16913207296,18253611008,9237319680,0
6,1740540413042,2592,2592,2592,2592,2592,2592,2592,2592,2592,2592,2592,2592,7.4517974853515625,0.28575897216796875,0,0,6.8367156982421875,0,0,0,84.96198272705078,0,0,0,36349.996520996094,251142.55352783203,192517.21014404297,7503.5157470703125,16913207296,18253611008,9161760768,0
