Delta,Time,CPU_FREQUENCY_0,CPU_FREQUENCY_1,CPU_FREQUENCY_10,CPU_FREQUENCY_11,CPU_FREQUENCY_2,CPU_FREQUENCY_3,CPU_FREQUENCY_4,CPU_FREQUENCY_5,CPU_FREQUENCY_6,CPU_FREQUENCY_7,CPU_FREQUENCY_8,CPU_FREQUENCY_9,CPU_USAGE_0,CPU_USAGE_1,CPU_USAGE_10,CPU_USAGE_11,CPU_USAGE_2,CPU_USAGE_3,CPU_USAGE_4,CPU_USAGE_5,CPU_USAGE_6,CPU_USAGE_7,CPU_USAGE_8,CPU_USAGE_9,DRAM_ENERGY (J),PACKAGE_ENERGY (J),PP0_ENERGY (J),PP1_ENERGY (J),TOTAL_MEMORY,TOTAL_SWAP,USED_MEMORY,USED_SWAP
0,1740527807934,2592,2592,2592,2592,2592,2592,2592,2592,2592,2592,2592,2592,100,44.803009033203125,76.30396270751953,40.287803649902344,100,34.64875030517578,79.84810638427734,37.69553756713867,69.17347717285156,41.44297409057617,62.10053253173828,45.72356414794922,27243.21795654297,174220.03253173828,125893.39624023438,7205.0042724609375,16913207296,18253611008,9112154112,0
198,1740527807936,2592,2592,2592,2592,2592,2592,2592,2592,2592,2592,2592,2592,100,100,100,100,100,100,100,100,100,100,100,100,27243.23309326172,174220.28875732422,125893.63006591797,7205.0042724609375,16913207296,18253611008,9113800704,0
200,1740527808135,2592,2592,2592,2592,2592,2592,2592,2592,2592,2592,2592,2592,9.656837463378906,3.2501296997070313,5.9157562255859375,5.2545928955078125,86.62396240234375,5.241844177246094,6.398765563964844,34.61940002441406,32.259681701660156,2.3174591064453125,9.002716064453125,7.157257080078125,27243.472412109375,174226.7183227539,125899.70068359375,7205.0042724609375,16913207296,18253611008,9173921792,0
6,1740527808335,2592,2592,2592,2592,2592,2592,2592,2592,2592,2592,2592,2592,7.909584045410156,0.5697555541992188,0,0,80.23152923583984,0,4.773185729980469,0,4.522453308105469,0,0,0,27243.749755859375,174231.52239990234,125904.08087158203,7205.0042724609375,16913207296,18253611008,9107947520,0
