Delta,Time,CPU_FREQUENCY_0,CPU_FREQUENCY_1,CPU_FREQUENCY_10,CPU_FREQUENCY_11,CPU_FREQUENCY_2,CPU_FREQUENCY_3,CPU_FREQUENCY_4,CPU_FREQUENCY_5,CPU_FREQUENCY_6,CPU_FREQUENCY_7,CPU_FREQUENCY_8,CPU_FREQUENCY_9,CPU_USAGE_0,CPU_USAGE_1,CPU_USAGE_10,CPU_USAGE_11,CPU_USAGE_2,CPU_USAGE_3,CPU_USAGE_4,CPU_USAGE_5,CPU_USAGE_6,CPU_USAGE_7,CPU_USAGE_8,CPU_USAGE_9,DRAM_ENERGY (J),PACKAGE_ENERGY (J),PP0_ENERGY (J),PP1_ENERGY (J),TOTAL_MEMORY,TOTAL_SWAP,USED_MEMORY,USED_SWAP
0,1740542642273,2592,2592,2592,2592,2592,2592,2592,2592,2592,2592,2592,2592,33.44652557373047,61.2318229675293,54.5441780090332,4.623970031738281,75.6194839477539,32.87395477294922,100,0.5968246459960938,100,5.024192810058594,18.52587127685547,9.154739379882813,37960.88348388672,1122.9429321289063,202908.88751220703,7555.822998046875,16913207296,18253611008,9178656768,0
199,1740542642273,2592,2592,2592,2592,2592,2592,2592,2592,2592,2592,2592,2592,100,100,100,100,100,100,100,100,100,100,100,100,37960.894470214844,1123.1256103515625,202909.0821533203,7555.822998046875,16913207296,18253611008,9181212672,0
200,1740542642473,2592,2592,2592,2592,2592,2592,2592,2592,2592,2592,2592,2592,58.13423156738281,8.588165283203125,9.617835998535156,4.4354095458984375,72.0645980834961,4.805458068847656,13.549591064453125,3.6596832275390625,20.647964477539063,3.2778854370117188,13.303207397460938,4.583587646484375,37961.10302734375,1129.7311401367188,202915.30517578125,7555.822998046875,16913207296,18253611008,9223147520,0
200,1740542642673,2592,2592,2592,2592,2592,2592,2592,2592,2592,2592,2592,2592,0.8881072998046875,0,2.5450439453125,0.7300643920898438,29.956336975097656,2.7125701904296875,71.01019287109375,0.2123260498046875,1.053985595703125,0,0.6379165649414063,0.2471466064453125,37961.33770751953,1134.96533203125,202920.1483154297,7555.822998046875,16913207296,18253611008,9486151680,0
2,1740542642874,2592,2592,2592,2592,2592,2592,2592,2592,2592,2592,2592,2592,7.746246337890625,3.3950729370117188,11.031059265136719,3.2920608520507813,95.49699401855469,2.9547653198242188,20.13623809814453,2.3707656860351563,14.945480346679688,6.94744873046875,18.337539672851563,3.0954971313476563,37961.60803222656,1141.077392578125,202925.87371826172,7555.822998046875,16913207296,18253611008,9309474816,0
