Delta,Time,CPU_FREQUENCY_0,CPU_FREQUENCY_1,CPU_FREQUENCY_10,CPU_FREQUENCY_11,CPU_FREQUENCY_2,CPU_FREQUENCY_3,CPU_FREQUENCY_4,CPU_FREQUENCY_5,CPU_FREQUENCY_6,CPU_FREQUENCY_7,CPU_FREQUENCY_8,CPU_FREQUENCY_9,CPU_USAGE_0,CPU_USAGE_1,CPU_USAGE_10,CPU_USAGE_11,CPU_USAGE_2,CPU_USAGE_3,CPU_USAGE_4,CPU_USAGE_5,CPU_USAGE_6,CPU_USAGE_7,CPU_USAGE_8,CPU_USAGE_9,DRAM_ENERGY (J),PACKAGE_ENERGY (J),PP0_ENERGY (J),PP1_ENERGY (J),TOTAL_MEMORY,TOTAL_SWAP,USED_MEMORY,USED_SWAP
0,1740533192482,2592,2592,2592,2592,2592,2592,2592,2592,2592,2592,2592,2592,46.505550384521484,0,47.50022506713867,5.9871978759765625,71.46881866455078,0,32.928306579589844,0,44.81262969970703,0,21.039520263671875,0,31121.501342773438,204435.1997680664,151876.52758789063,7334.7960205078125,16913207296,18253611008,9139888128,0
198,1740533192484,2592,2592,2592,2592,2592,2592,2592,2592,2592,2592,2592,2592,100,100,100,100,100,100,100,100,100,100,100,100,31121.510498046875,204435.47119140625,151876.7918701172,7334.7960205078125,16913207296,18253611008,9139818496,0
200,1740533192683,2592,2592,2592,2592,2592,2592,2592,2592,2592,2592,2592,2592,38.0046501159668,5.036529541015625,9.5396728515625,6.5194549560546875,83.95191192626953,5.088005065917969,39.4698371887207,5.10150146484375,18.93889617919922,4.825408935546875,15.173355102539063,8.183273315429688,31121.766662597656,204442.2596435547,151883.17529296875,7334.7960205078125,16913207296,18253611008,9220042752,0
6,1740533192884,2592,2592,2592,2592,2592,2592,2592,2592,2592,2592,2592,2592,8.420677185058594,0.5135726928710938,16.337791442871094,0,62.833553314208984,0,11.713714599609375,0,14.06536865234375,0,0,0,31122.048950195313,204447.259765625,151887.76641845703,7334.7960205078125,16913207296,18253611008,9143439360,0
