Delta,Time,CPU_FREQUENCY_0,CPU_FREQUENCY_1,CPU_FREQUENCY_10,CPU_FREQUENCY_11,CPU_FREQUENCY_2,CPU_FREQUENCY_3,CPU_FREQUENCY_4,CPU_FREQUENCY_5,CPU_FREQUENCY_6,CPU_FREQUENCY_7,CPU_FREQUENCY_8,CPU_FREQUENCY_9,CPU_USAGE_0,CPU_USAGE_1,CPU_USAGE_10,CPU_USAGE_11,CPU_USAGE_2,CPU_USAGE_3,CPU_USAGE_4,CPU_USAGE_5,CPU_USAGE_6,CPU_USAGE_7,CPU_USAGE_8,CPU_USAGE_9,DRAM_ENERGY (J),PACKAGE_ENERGY (J),PP0_ENERGY (J),PP1_ENERGY (J),TOTAL_MEMORY,TOTAL_SWAP,USED_MEMORY,USED_SWAP
0,1740525888248,2592,2592,2592,2592,2592,2592,2592,2592,2592,2592,2592,2592,13.210235595703125,0,22.457725524902344,5.926216125488281,72.73465728759766,0,34.76042175292969,0,82.220703125,0,6.5018310546875,23.914657592773438,25861.37060546875,163154.90209960938,116349.74353027344,7158.7052001953125,16913207296,18253611008,9179295744,0
198,1740525888250,2592,2592,2592,2592,2592,2592,2592,2592,2592,2592,2592,2592,100,100,100,100,100,100,100,100,100,100,100,100,25861.380615234375,163155.2108154297,116350.03698730469,7158.7052001953125,16913207296,18253611008,9179226112,0
200,1740525888449,2592,2592,2592,2592,2592,2592,2592,2592,2592,2592,2592,2592,9.199714660644531,4.303443908691406,10.145309448242188,4.921051025390625,55.16091537475586,4.485404968261719,26.80938720703125,5.699958801269531,38.89169692993164,4.341423034667969,32.60784149169922,18.70098876953125,25861.58135986328,163161.60314941406,116356.07995605469,7158.7052001953125,16913207296,18253611008,9221435392,0
200,1740525888649,2592,2592,2592,2592,2592,2592,2592,2592,2592,2592,2592,2592,3.8488388061523438,0.11127471923828125,1.5775222778320313,0.2832794189453125,34.31944274902344,1.7580032348632813,2.9801559448242188,0.026123046875,1.2146759033203125,0.2234039306640625,68.60478210449219,0.007232666015625,25861.79901123047,163166.15112304688,116360.29370117188,7158.7052001953125,16913207296,18253611008,9461248000,0
2,1740525888849,2592,2592,2592,2592,2592,2592,2592,2592,2592,2592,2592,2592,3.1759796142578125,1.7003555297851563,10.897529602050781,2.7618865966796875,90.45242309570313,1.2309646606445313,13.686912536621094,1.571075439453125,5.0000762939453125,1.3551483154296875,12.159355163574219,1.5911026000976563,25862.05938720703,163171.6859741211,116365.47766113281,7158.7052001953125,16913207296,18253611008,9353076736,0
