Delta,Time,CPU_FREQUENCY_0,CPU_FREQUENCY_1,CPU_FREQUENCY_10,CPU_FREQUENCY_11,CPU_FREQUENCY_2,CPU_FREQUENCY_3,CPU_FREQUENCY_4,CPU_FREQUENCY_5,CPU_FREQUENCY_6,CPU_FREQUENCY_7,CPU_FREQUENCY_8,CPU_FREQUENCY_9,CPU_USAGE_0,CPU_USAGE_1,CPU_USAGE_10,CPU_USAGE_11,CPU_USAGE_2,CPU_USAGE_3,CPU_USAGE_4,CPU_USAGE_5,CPU_USAGE_6,CPU_USAGE_7,CPU_USAGE_8,CPU_USAGE_9,DRAM_ENERGY (J),PACKAGE_ENERGY (J),PP0_ENERGY (J),PP1_ENERGY (J),TOTAL_MEMORY,TOTAL_SWAP,USED_MEMORY,USED_SWAP
0,1740536599582,2592,2592,2592,2592,2592,2592,2592,2592,2592,2592,2592,2592,11.287971496582031,0,9.474639892578125,40.24972915649414,69.65210723876953,3.4050674438476563,73.10513305664063,0,19.170875549316406,0,73.06644439697266,0,33575.527893066406,223513.72076416016,168275.1407470703,7413.218322753906,16913207296,18253611008,9122570240,0
198,1740536599584,2592,2592,2592,2592,2592,2592,2592,2592,2592,2592,2592,2592,84.2542495727539,64.46573638916016,84.0243148803711,65.38420104980469,93.80648040771484,69.14450073242188,100,64.15637969970703,84.3035659790039,70.72650146484375,91.26246643066406,65.29196166992188,33575.53875732422,223514.03717041016,168275.43286132813,7413.218322753906,16913207296,18253611008,9122566144,0
200,1740536599782,2592,2592,2592,2592,2592,2592,2592,2592,2592,2592,2592,2592,0.8603439331054688,0.9576950073242188,3.3026123046875,2.7112884521484375,87.42098236083984,0.5995330810546875,51.16279220581055,0,3.68316650390625,0.1085662841796875,7.9166259765625,0,33575.77130126953,223520.3406982422,168281.39453125,7413.218322753906,16913207296,18253611008,9206415360,0
199,1740536599983,2592,2592,2592,2592,2592,2592,2592,2592,2592,2592,2592,2592,1.806976318359375,0.11855316162109375,0.2163543701171875,0.36931610107421875,99.56529998779297,0,2.08502197265625,0.05710601806640625,0.32288360595703125,0.6497039794921875,0.199493408203125,0.10298919677734375,33576.01104736328,223525.52459716797,168286.23345947266,7413.218322753906,16913207296,18253611008,9265299456,0
2,1740536600183,2592,2592,2592,2592,2592,2592,2592,2592,2592,2592,2592,2592,5.458183288574219,2.1942138671875,3.0238265991210938,2.188720703125,16.961837768554688,4.2963104248046875,6.22869873046875,1.935455322265625,89.6505355834961,1.3486099243164063,11.252082824707031,1.2730331420898438,33576.19696044922,223531.1983642578,168291.56439208984,7413.218322753906,16913207296,18253611008,9119649792,0
