Delta,Time,CPU_FREQUENCY_0,CPU_FREQUENCY_1,CPU_FREQUENCY_10,CPU_FREQUENCY_11,CPU_FREQUENCY_2,CPU_FREQUENCY_3,CPU_FREQUENCY_4,CPU_FREQUENCY_5,CPU_FREQUENCY_6,CPU_FREQUENCY_7,CPU_FREQUENCY_8,CPU_FREQUENCY_9,CPU_USAGE_0,CPU_USAGE_1,CPU_USAGE_10,CPU_USAGE_11,CPU_USAGE_2,CPU_USAGE_3,CPU_USAGE_4,CPU_USAGE_5,CPU_USAGE_6,CPU_USAGE_7,CPU_USAGE_8,CPU_USAGE_9,DRAM_ENERGY (J),PACKAGE_ENERGY (J),PP0_ENERGY (J),PP1_ENERGY (J),TOTAL_MEMORY,TOTAL_SWAP,USED_MEMORY,USED_SWAP
0,1740547545381,2592,2592,2592,2592,2592,2592,2592,2592,2592,2592,2592,2592,70.53026580810547,23.595169067382813,32.984046936035156,49.39642333984375,64.63043212890625,26.473602294921875,73.59645080566406,23.29418182373047,69.85343933105469,24.593780517578125,36.92473220825195,53.80730438232422,41497.50244140625,26820.960021972656,224821.65020751953,7665.156066894531,16913207296,18253611008,9327677440,0
200,1740547545381,2592,2592,2592,2592,2592,2592,2592,2592,2592,2592,2592,2592,100,100,100,100,100,100,100,100,100,100,100,100,41497.509826660156,26821.03826904297,224821.72686767578,7665.156066894531,16913207296,18253611008,9330864128,0
200,1740547545582,2592,2592,2592,2592,2592,2592,2592,2592,2592,2592,2592,2592,8.805000305175781,6.7951812744140625,4.233848571777344,3.0774307250976563,50.16295623779297,4.369621276855469,54.75615692138672,1.3761825561523438,30.57550048828125,1.2242507934570313,8.770362854003906,16.420181274414063,41497.71990966797,26827.408447265625,224827.7362060547,7665.156066894531,16913207296,18253611008,9384402944,0
200,1740547545782,2592,2592,2592,2592,2592,2592,2592,2592,2592,2592,2592,2592,4.7632293701171875,0,0.01052093505859375,0,24.309791564941406,2.5201873779296875,2.25042724609375,0,70.12518310546875,0,0.21839141845703125,0,41497.93566894531,26832.301635742188,224832.2674560547,7665.156066894531,16913207296,18253611008,9607938048,0
2,1740547545983,2592,2592,2592,2592,2592,2592,2592,2592,2592,2592,2592,2592,10.504661560058594,2.0489501953125,3.1228103637695313,1.9353713989257813,82.54747772216797,3.728302001953125,14.182090759277344,2.4888534545898438,22.163650512695313,1.7562179565429688,10.008308410644531,1.6316375732421875,41498.20654296875,26837.93682861328,224837.5087890625,7665.156066894531,16913207296,18253611008,9609318400,0
