Delta,Time,CPU_FREQUENCY_0,CPU_FREQUENCY_1,CPU_FREQUENCY_10,CPU_FREQUENCY_11,CPU_FREQUENCY_2,CPU_FREQUENCY_3,CPU_FREQUENCY_4,CPU_FREQUENCY_5,CPU_FREQUENCY_6,CPU_FREQUENCY_7,CPU_FREQUENCY_8,CPU_FREQUENCY_9,CPU_USAGE_0,CPU_USAGE_1,CPU_USAGE_10,CPU_USAGE_11,CPU_USAGE_2,CPU_USAGE_3,CPU_USAGE_4,CPU_USAGE_5,CPU_USAGE_6,CPU_USAGE_7,CPU_USAGE_8,CPU_USAGE_9,DRAM_ENERGY (J),PACKAGE_ENERGY (J),PP0_ENERGY (J),PP1_ENERGY (J),TOTAL_MEMORY,TOTAL_SWAP,USED_MEMORY,USED_SWAP
0,1740540810677,2592,2592,2592,2592,2592,2592,2592,2592,2592,2592,2592,2592,15.312110900878906,3.015838623046875,20.2410888671875,19.097549438476563,72.19697570800781,20.760536193847656,68.98970031738281,3.62908935546875,50.2635498046875,3.2283401489257813,39.78660583496094,8.417037963867188,36636.44415283203,253098.10974121094,194171.70330810547,7512.8636474609375,16913207296,18253611008,9154027520,0
198,1740540810679,2592,2592,2592,2592,2592,2592,2592,2592,2592,2592,2592,2592,100,100,100,100,100,100,100,100,100,100,100,100,36636.45489501953,253098.26849365234,194171.83978271484,7512.8636474609375,16913207296,18253611008,9154052096,0
200,1740540810877,2592,2592,2592,2592,2592,2592,2592,2592,2592,2592,2592,2592,10.159217834472656,6.704833984375,10.198837280273438,6.3314666748046875,46.59726333618164,8.311408996582031,57.669921875,5.512748718261719,58.61433410644531,5.144523620605469,9.716606140136719,5.594535827636719,36636.68566894531,253104.57104492188,194177.78411865234,7512.8636474609375,16913207296,18253611008,9253036032,0
2,1740540811077,2592,2592,2592,2592,2592,2592,2592,2592,2592,2592,2592,2592,1.5196304321289063,0.37397003173828125,11.628692626953125,0.46315765380859375,13.000091552734375,1.6426010131835938,65.39866638183594,0.602203369140625,6.754127502441406,0.7790756225585938,8.989501953125,0.9469757080078125,36636.95910644531,253109.26892089844,194182.10650634766,7512.8636474609375,16913207296,18253611008,9162158080,0
