Delta,Time,CPU_FREQUENCY_0,CPU_FREQUENCY_1,CPU_FREQUENCY_10,CPU_FREQUENCY_11,CPU_FREQUENCY_2,CPU_FREQUENCY_3,CPU_FREQUENCY_4,CPU_FREQUENCY_5,CPU_FREQUENCY_6,CPU_FREQUENCY_7,CPU_FREQUENCY_8,CPU_FREQUENCY_9,CPU_USAGE_0,CPU_USAGE_1,CPU_USAGE_10,CPU_USAGE_11,CPU_USAGE_2,CPU_USAGE_3,CPU_USAGE_4,CPU_USAGE_5,CPU_USAGE_6,CPU_USAGE_7,CPU_USAGE_8,CPU_USAGE_9,DRAM_ENERGY (J),PACKAGE_ENERGY (J),PP0_ENERGY (J),PP1_ENERGY (J),TOTAL_MEMORY,TOTAL_SWAP,USED_MEMORY,USED_SWAP
0,1740548154257,2592,2592,2592,2592,2592,2592,2592,2592,2592,2592,2592,2592,100,100,100,100,100,100,100,100,100,100,100,100,41935.09680175781,30043.862731933594,227565.88189697266,7678.652282714844,16913207296,18253611008,9295249408,0
198,1740548154259,2592,2592,2592,2592,2592,2592,2592,2592,2592,2592,2592,2592,80.72987365722656,69.30722045898438,98.77458953857422,63.63747024536133,96.2367935180664,68.287109375,80.99529266357422,64.60065460205078,85.18189239501953,64.20028686523438,84.84675598144531,68.32868957519531,41935.10754394531,30044.168518066406,227566.17712402344,7678.652282714844,16913207296,18253611008,9294884864,0
200,1740548154457,2592,2592,2592,2592,2592,2592,2592,2592,2592,2592,2592,2592,4.7319793701171875,3.09326171875,51.58468246459961,1.9003677368164063,86.14070129394531,3.7451171875,11.542030334472656,2.7449874877929688,5.352470397949219,1.9102401733398438,5.7028350830078125,6.037994384765625,41935.343505859375,30050.3154296875,227571.9683227539,7678.652282714844,16913207296,18253611008,9371242496,0
200,1740548154658,2592,2592,2592,2592,2592,2592,2592,2592,2592,2592,2592,2592,1.085693359375,0.15671539306640625,0.3651580810546875,1.1070938110351563,78.22132110595703,0.5441665649414063,24.818092346191406,0.2603607177734375,1.9238967895507813,0.28774261474609375,3.2155838012695313,0.22444915771484375,41935.592224121094,30055.433044433594,227576.69366455078,7678.652282714844,16913207296,18253611008,9436286976,0
2,1740548154858,2592,2592,2592,2592,2592,2592,2592,2592,2592,2592,2592,2592,6.6189117431640625,1.1301727294921875,2.4408798217773438,2.1311874389648438,90.09174346923828,3.9025497436523438,12.250282287597656,1.4774627685546875,2.9463424682617188,7.8511962890625,7.133514404296875,2.7812576293945313,41935.773498535156,30061.14501953125,227582.0767211914,7678.652282714844,16913207296,18253611008,9300873216,0
