Delta,Time,CPU_FREQUENCY_0,CPU_FREQUENCY_1,CPU_FREQUENCY_10,CPU_FREQUENCY_11,CPU_FREQUENCY_2,CPU_FREQUENCY_3,CPU_FREQUENCY_4,CPU_FREQUENCY_5,CPU_FREQUENCY_6,CPU_FREQUENCY_7,CPU_FREQUENCY_8,CPU_FREQUENCY_9,CPU_USAGE_0,CPU_USAGE_1,CPU_USAGE_10,CPU_USAGE_11,CPU_USAGE_2,CPU_USAGE_3,CPU_USAGE_4,CPU_USAGE_5,CPU_USAGE_6,CPU_USAGE_7,CPU_USAGE_8,CPU_USAGE_9,DRAM_ENERGY (J),PACKAGE_ENERGY (J),PP0_ENERGY (J),PP1_ENERGY (J),TOTAL_MEMORY,TOTAL_SWAP,USED_MEMORY,USED_SWAP
0,1740531839566,2592,2592,2592,2592,2592,2592,2592,2592,2592,2592,2592,2592,48.38348388671875,14.165794372558594,53.054222106933594,19.78631591796875,27.76770782470703,34.34632110595703,56.05382537841797,12.363815307617188,25.622512817382813,11.73394775390625,81.2205810546875,12.686508178710938,30146.28497314453,197039.5623779297,145536.88861083984,7302.7239990234375,16913207296,18253611008,9040084992,0
198,1740531839568,2592,2592,2592,2592,2592,2592,2592,2592,2592,2592,2592,2592,100,100,100,100,100,100,100,100,100,100,100,100,30146.299865722656,197039.9683227539,145537.2490234375,7302.7239990234375,16913207296,18253611008,9040080896,0
200,1740531839767,2592,2592,2592,2592,2592,2592,2592,2592,2592,2592,2592,2592,11.852325439453125,7.665809631347656,33.880775451660156,7.530921936035156,88.41386413574219,6.351737976074219,29.42768096923828,6.2061614990234375,10.205352783203125,6.5485992431640625,10.896804809570313,6.812469482421875,30146.533935546875,197046.15625,145543.06719970703,7302.7239990234375,16913207296,18253611008,9124917248,0
2,1740531839967,2592,2592,2592,2592,2592,2592,2592,2592,2592,2592,2592,2592,33.47638702392578,0.46327972412109375,1.1597900390625,0.7633895874023438,66.39031219482422,1.080078125,15.712730407714844,1.031280517578125,8.119865417480469,0.3282318115234375,9.938011169433594,0.787109375,30146.827575683594,197051.35443115234,145547.89532470703,7302.7239990234375,16913207296,18253611008,9042292736,0
