Delta,Time,CPU_FREQUENCY_0,CPU_FREQUENCY_1,CPU_FREQUENCY_10,CPU_FREQUENCY_11,CPU_FREQUENCY_2,CPU_FREQUENCY_3,CPU_FREQUENCY_4,CPU_FREQUENCY_5,CPU_FREQUENCY_6,CPU_FREQUENCY_7,CPU_FREQUENCY_8,CPU_FREQUENCY_9,CPU_USAGE_0,CPU_USAGE_1,CPU_USAGE_10,CPU_USAGE_11,CPU_USAGE_2,CPU_USAGE_3,CPU_USAGE_4,CPU_USAGE_5,CPU_USAGE_6,CPU_USAGE_7,CPU_USAGE_8,CPU_USAGE_9,DRAM_ENERGY (J),PACKAGE_ENERGY (J),PP0_ENERGY (J),PP1_ENERGY (J),TOTAL_MEMORY,TOTAL_SWAP,USED_MEMORY,USED_SWAP
0,1740543648175,2592,2592,2592,2592,2592,2592,2592,2592,2592,2592,2592,2592,100,100,100,100,100,100,100,100,100,100,100,100,38686.909118652344,6346.930908203125,207361.5259399414,7578.4759521484375,16913207296,18253611008,9255002112,0
198,1740543648177,2592,2592,2592,2592,2592,2592,2592,2592,2592,2592,2592,2592,87.14881896972656,75.8605728149414,72.6791000366211,69.67021942138672,82.679931640625,65.83544921875,92.7574691772461,66.02658081054688,93.39990234375,65.51646423339844,76.67942810058594,67.29737854003906,38686.919372558594,6347.081787109375,207361.67156982422,7578.4759521484375,16913207296,18253611008,9255022592,0
199,1740543648375,2592,2592,2592,2592,2592,2592,2592,2592,2592,2592,2592,2592,9.58154296875,1.0800704956054688,3.8596420288085938,1.618927001953125,87.4478530883789,2.2025375366210938,11.208305358886719,1.024810791015625,57.53439712524414,0.8370895385742188,6.485343933105469,1.8842620849609375,38687.125061035156,6353.302490234375,207367.51385498047,7578.500427246094,16913207296,18253611008,9310031872,0
2,1740543648575,2592,2592,2592,2592,2592,2592,2592,2592,2592,2592,2592,2592,4.180198669433594,1.024566650390625,2.750762939453125,0.7605514526367188,98.9979248046875,0.8134384155273438,33.529083251953125,0.37207794189453125,2.2833099365234375,0.67742919921875,1.312774658203125,2.0020065307617188,38687.461181640625,6359.016357421875,207372.81787109375,7578.500427246094,16913207296,18253611008,9287401472,0
