Delta,Time,CPU_FREQUENCY_0,CPU_FREQUENCY_1,CPU_FREQUENCY_10,CPU_FREQUENCY_11,CPU_FREQUENCY_2,CPU_FREQUENCY_3,CPU_FREQUENCY_4,CPU_FREQUENCY_5,CPU_FREQUENCY_6,CPU_FREQUENCY_7,CPU_FREQUENCY_8,CPU_FREQUENCY_9,CPU_USAGE_0,CPU_USAGE_1,CPU_USAGE_10,CPU_USAGE_11,CPU_USAGE_2,CPU_USAGE_3,CPU_USAGE_4,CPU_USAGE_5,CPU_USAGE_6,CPU_USAGE_7,CPU_USAGE_8,CPU_USAGE_9,DRAM_ENERGY (J),PACKAGE_ENERGY (J),PP0_ENERGY (J),PP1_ENERGY (J),TOTAL_MEMORY,TOTAL_SWAP,USED_MEMORY,USED_SWAP
0,1740526231123,2592,2592,2592,2592,2592,2592,2592,2592,2592,2592,2592,2592,3.8694839477539063,54.931434631347656,9.342231750488281,19.847373962402344,45.58352279663086,44.03013610839844,82.2623291015625,2.4150314331054688,48.57149887084961,0.9909896850585938,14.955276489257813,6.943016052246094,26109.0048828125,165146.10510253906,118071.05535888672,7166.4737548828125,16913207296,18253611008,9110458368,0
198,1740526231125,2592,2592,2592,2592,2592,2592,2592,2592,2592,2592,2592,2592,100,100,100,100,100,100,100,100,100,100,100,100,26109.01904296875,165146.28771972656,118071.22253417969,7166.4737548828125,16913207296,18253611008,9109286912,0
200,1740526231323,2592,2592,2592,2592,2592,2592,2592,2592,2592,2592,2592,2592,10.412994384765625,8.226722717285156,9.623565673828125,6.527885437011719,86.36370849609375,6.5218353271484375,54.50288391113281,7.5265655517578125,12.855804443359375,6.696533203125,15.300003051757813,6.8816680908203125,26109.246154785156,165152.42474365234,118076.99188232422,7166.4737548828125,16913207296,18253611008,9184624640,0
2,1740526231524,2592,2592,2592,2592,2592,2592,2592,2592,2592,2592,2592,2592,3.7882843017578125,0.18209075927734375,2.444183349609375,0.21761322021484375,62.29846954345703,0.8572616577148438,1.7219924926757813,0.5808029174804688,33.222984313964844,0.7471542358398438,12.560546875,0.2584686279296875,26109.519775390625,165157.35760498047,118081.55560302734,7166.4737548828125,16913207296,18253611008,9112514560,0
