Delta,Time,CPU_FREQUENCY_0,CPU_FREQUENCY_1,CPU_FREQUENCY_10,CPU_FREQUENCY_11,CPU_FREQUENCY_2,CPU_FREQUENCY_3,CPU_FREQUENCY_4,CPU_FREQUENCY_5,CPU_FREQUENCY_6,CPU_FREQUENCY_7,CPU_FREQUENCY_8,CPU_FREQUENCY_9,CPU_USAGE_0,CPU_USAGE_1,CPU_USAGE_10,CPU_USAGE_11,CPU_USAGE_2,CPU_USAGE_3,CPU_USAGE_4,CPU_USAGE_5,CPU_USAGE_6,CPU_USAGE_7,CPU_USAGE_8,CPU_USAGE_9,DRAM_ENERGY (J),PACKAGE_ENERGY (J),PP0_ENERGY (J),PP1_ENERGY (J),TOTAL_MEMORY,TOTAL_SWAP,USED_MEMORY,USED_SWAP
0,1740544735714,2592,2592,2592,2592,2592,2592,2592,2592,2592,2592,2592,2592,25.746849060058594,43.28455352783203,19.541648864746094,10.721099853515625,59.07997131347656,0,85.90538024902344,0,13.98931884765625,0.07402801513671875,23.33765411376953,0,39472.63653564453,12331.283569335938,212497.35748291016,7601.9285888671875,16913207296,18253611008,9163784192,0
198,1740544735716,2592,2592,2592,2592,2592,2592,2592,2592,2592,2592,2592,2592,56.67230987548828,89.05264282226563,66.1683578491211,67.87042236328125,84.12344360351563,54.93625259399414,100,52.329280853271484,74.45808410644531,53.037940979003906,67.97496032714844,63.967987060546875,39472.652282714844,12331.539184570313,212497.58209228516,7601.9285888671875,16913207296,18253611008,9164451840,0
200,1740544735914,2592,2592,2592,2592,2592,2592,2592,2592,2592,2592,2592,2592,6.692787170410156,0.7386474609375,4.675140380859375,0.40076446533203125,90.00865173339844,0.9374618530273438,50.68220520019531,1.179412841796875,4.178031921386719,0,1.6726531982421875,0,39472.885986328125,12337.655395507813,212503.33685302734,7601.9285888671875,16913207296,18253611008,9248088064,0
7,1740544736115,2592,2592,2592,2592,2592,2592,2592,2592,2592,2592,2592,2592,0,0,0,0,67.43515014648438,0,9.527839660644531,0,8.324989318847656,0,0,0,39473.15539550781,12342.183349609375,212507.47576904297,7601.9285888671875,16913207296,18253611008,9168957440,0
