Delta,Time,CPU_FREQUENCY_0,CPU_FREQUENCY_1,CPU_FREQUENCY_10,CPU_FREQUENCY_11,CPU_FREQUENCY_2,CPU_FREQUENCY_3,CPU_FREQUENCY_4,CPU_FREQUENCY_5,CPU_FREQUENCY_6,CPU_FREQUENCY_7,CPU_FREQUENCY_8,CPU_FREQUENCY_9,CPU_USAGE_0,CPU_USAGE_1,CPU_USAGE_10,CPU_USAGE_11,CPU_USAGE_2,CPU_USAGE_3,CPU_USAGE_4,CPU_USAGE_5,CPU_USAGE_6,CPU_USAGE_7,CPU_USAGE_8,CPU_USAGE_9,DRAM_ENERGY (J),PACKAGE_ENERGY (J),PP0_ENERGY (J),PP1_ENERGY (J),TOTAL_MEMORY,TOTAL_SWAP,USED_MEMORY,USED_SWAP
0,1740533323347,2592,2592,2592,2592,2592,2592,2592,2592,2592,2592,2592,2592,48.59420394897461,33.91487121582031,40.36784744262695,53.230323791503906,83.93276977539063,31.793716430664063,66.74103546142578,32.096099853515625,60.85639190673828,41.7071533203125,53.36137771606445,31.793075561523438,31215.946350097656,205046.8021850586,152391.41680908203,7337.6116943359375,16913207296,18253611008,9061064704,0
198,1740533323349,2592,2592,2592,2592,2592,2592,2592,2592,2592,2592,2592,2592,100,100,100,100,100,100,100,100,100,100,100,100,31215.960327148438,205047.21099853516,152391.81079101563,7337.6116943359375,16913207296,18253611008,9060749312,0
200,1740533323547,2592,2592,2592,2592,2592,2592,2592,2592,2592,2592,2592,2592,15.354171752929688,4.865669250488281,8.217269897460938,9.373733520507813,87.5133056640625,4.8663482666015625,55.423763275146484,5.0819549560546875,17.14734649658203,5.0819549560546875,10.642662048339844,5.064628601074219,31216.19757080078,205053.5327758789,152397.78930664063,7337.636962890625,16913207296,18253611008,9133256704,0
6,1740533323748,2592,2592,2592,2592,2592,2592,2592,2592,2592,2592,2592,2592,0,0,0,0,73.81669616699219,0,2.0673370361328125,0,7.341033935546875,0,0,0,31216.46795654297,205057.85040283203,152401.69262695313,7337.636962890625,16913207296,18253611008,9053360128,0
