Delta,Time,CPU_FREQUENCY_0,CPU_FREQUENCY_1,CPU_FREQUENCY_10,CPU_FREQUENCY_11,CPU_FREQUENCY_2,CPU_FREQUENCY_3,CPU_FREQUENCY_4,CPU_FREQUENCY_5,CPU_FREQUENCY_6,CPU_FREQUENCY_7,CPU_FREQUENCY_8,CPU_FREQUENCY_9,CPU_USAGE_0,CPU_USAGE_1,CPU_USAGE_10,CPU_USAGE_11,CPU_USAGE_2,CPU_USAGE_3,CPU_USAGE_4,CPU_USAGE_5,CPU_USAGE_6,CPU_USAGE_7,CPU_USAGE_8,CPU_USAGE_9,DRAM_ENERGY (J),PACKAGE_ENERGY (J),PP0_ENERGY (J),PP1_ENERGY (J),TOTAL_MEMORY,TOTAL_SWAP,USED_MEMORY,USED_SWAP
0,1740526098970,2592,2592,2592,2592,2592,2592,2592,2592,2592,2592,2592,2592,100,100,100,100,100,100,100,100,100,100,100,100,26013.304931640625,164474.9307861328,117500.62585449219,7163.6171875,16913207296,18253611008,9120419840,0
198,1740526098972,2592,2592,2592,2592,2592,2592,2592,2592,2592,2592,2592,2592,82.79350280761719,74.70471954345703,73.13927459716797,66.87045288085938,74.64972686767578,66.78795623779297,89.13714599609375,65.46231079101563,70.93626403808594,73.12968444824219,99.47818756103516,63.18448257446289,26013.31622314453,164475.20965576172,117500.89782714844,7163.6171875,16913207296,18253611008,9120169984,0
199,1740526099170,2592,2592,2592,2592,2592,2592,2592,2592,2592,2592,2592,2592,5.404319763183594,2.26177978515625,11.2349853515625,2.325653076171875,61.50764846801758,4.288688659667969,43.063228607177734,5.2942657470703125,11.370872497558594,1.7854156494140625,40.430206298828125,1.8718795776367188,26013.5458984375,164481.62109375,117506.91955566406,7163.6171875,16913207296,18253611008,9206788096,0
5,1740526099370,2592,2592,2592,2592,2592,2592,2592,2592,2592,2592,2592,2592,0,0,0,0,7.7046966552734375,2.3523178100585938,81.4052963256836,0,5.343482971191406,0,7.65753173828125,0,26013.825622558594,164486.50231933594,117511.4086303711,7163.6171875,16913207296,18253611008,9123078144,0
