Delta,Time,CPU_FREQUENCY_0,CPU_FREQUENCY_1,CPU_FREQUENCY_10,CPU_FREQUENCY_11,CPU_FREQUENCY_2,CPU_FREQUENCY_3,CPU_FREQUENCY_4,CPU_FREQUENCY_5,CPU_FREQUENCY_6,CPU_FREQUENCY_7,CPU_FREQUENCY_8,CPU_FREQUENCY_9,CPU_USAGE_0,CPU_USAGE_1,CPU_USAGE_10,CPU_USAGE_11,CPU_USAGE_2,CPU_USAGE_3,CPU_USAGE_4,CPU_USAGE_5,CPU_USAGE_6,CPU_USAGE_7,CPU_USAGE_8,CPU_USAGE_9,DRAM_ENERGY (J),PACKAGE_ENERGY (J),PP0_ENERGY (J),PP1_ENERGY (J),TOTAL_MEMORY,TOTAL_SWAP,USED_MEMORY,USED_SWAP
0,1740535089040,2592,2592,2592,2592,2592,2592,2592,2592,2592,2592,2592,2592,37.41856002807617,24.994346618652344,42.05802917480469,49.30839538574219,87.30791473388672,21.00298309326172,75.03990936279297,18.318771362304688,84.30582427978516,19.995201110839844,85.86441802978516,18.71338653564453,32486.61767578125,214783.64361572266,160748.6792602539,7378.753234863281,16913207296,18253611008,9135755264,0
200,1740535089041,2592,2592,2592,2592,2592,2592,2592,2592,2592,2592,2592,2592,29.271697998046875,45.15827560424805,57.00156021118164,4.7534332275390625,61.62064743041992,90.72600555419922,51.74015426635742,11.485015869140625,79.17445373535156,17.18018341064453,100,5.4584503173828125,32486.63623046875,214784.11981201172,160749.1417236328,7378.753234863281,16913207296,18253611008,9138806784,0
200,1740535089241,2592,2592,2592,2592,2592,2592,2592,2592,2592,2592,2592,2592,3.8233795166015625,9.049171447753906,3.6383895874023438,17.696807861328125,51.36336898803711,2.8425827026367188,49.445919036865234,0.57537841796875,9.215286254882813,0,34.76081848144531,0.8563461303710938,32486.88201904297,214790.12896728516,160754.74194335938,7378.785949707031,16913207296,18253611008,9178566656,0
200,1740535089441,2592,2592,2592,2592,2592,2592,2592,2592,2592,2592,2592,2592,0.872711181640625,0.01436614990234375,0.5497360229492188,0.0709686279296875,24.28070831298828,3.9703598022460938,75.95758056640625,0.04010009765625,0.9367446899414063,0,2.5859603881835938,0,32487.153747558594,214795.16369628906,160759.34942626953,7378.82421875,16913207296,18253611008,9400025088,0
4,1740535089642,2592,2592,2592,2592,2592,2592,2592,2592,2592,2592,2592,2592,4.798065185546875,1.96173095703125,4.867828369140625,1.3626632690429688,36.42478561401367,10.608985900878906,67.39067077636719,1.2491226196289063,5.497734069824219,1.3601150512695313,7.852073669433594,1.6104965209960938,32487.46514892578,214800.72534179688,160764.48248291016,7378.8656005859375,16913207296,18253611008,9494204416,0
