Delta,Time,CPU_FREQUENCY_0,CPU_FREQUENCY_1,CPU_FREQUENCY_10,CPU_FREQUENCY_11,CPU_FREQUENCY_2,CPU_FREQUENCY_3,CPU_FREQUENCY_4,CPU_FREQUENCY_5,CPU_FREQUENCY_6,CPU_FREQUENCY_7,CPU_FREQUENCY_8,CPU_FREQUENCY_9,CPU_USAGE_0,CPU_USAGE_1,CPU_USAGE_10,CPU_USAGE_11,CPU_USAGE_2,CPU_USAGE_3,CPU_USAGE_4,CPU_USAGE_5,CPU_USAGE_6,CPU_USAGE_7,CPU_USAGE_8,CPU_USAGE_9,DRAM_ENERGY (J),PACKAGE_ENERGY (J),PP0_ENERGY (J),PP1_ENERGY (J),TOTAL_MEMORY,TOTAL_SWAP,USED_MEMORY,USED_SWAP
0,1740535154650,2592,2592,2592,2592,2592,2592,2592,2592,2592,2592,2592,2592,0,0,0,42.10261535644531,57.21320343017578,0,50.258636474609375,0,48.08696746826172,0,0,0,32533.6328125,215061.7622680664,160979.5205078125,7380.184509277344,16913207296,18253611008,9141829632,0
198,1740535154652,2592,2592,2592,2592,2592,2592,2592,2592,2592,2592,2592,2592,82.30448913574219,63.73454666137695,88.7384033203125,66.98041534423828,96.59992980957031,63.79494094848633,100,68.31551361083984,79.5578384399414,65.83421325683594,85.8047866821289,63.458919525146484,32533.643005371094,215062.06219482422,160979.79736328125,7380.184509277344,16913207296,18253611008,9142644736,0
200,1740535154851,2592,2592,2592,2592,2592,2592,2592,2592,2592,2592,2592,2592,14.512977600097656,1.5744400024414063,7.2929840087890625,5.982635498046875,86.558837890625,2.7365036010742188,51.80143356323242,2.0726776123046875,17.881858825683594,1.7802352905273438,11.695976257324219,2.2761154174804688,32533.899291992188,215068.6883544922,160986.06732177734,7380.184509277344,16913207296,18253611008,9222316032,0
5,1740535155051,2592,2592,2592,2592,2592,2592,2592,2592,2592,2592,2592,2592,2.276336669921875,0,7.417877197265625,0,78.61273193359375,0,12.722183227539063,0.6376495361328125,12.538414001464844,0,13.333892822265625,3.8852005004882813,32534.1865234375,215074.0810546875,160991.04174804688,7380.184509277344,16913207296,18253611008,9166188544,0
