Delta,Time,CPU_FREQUENCY_0,CPU_FREQUENCY_1,CPU_FREQUENCY_10,CPU_FREQUENCY_11,CPU_FREQUENCY_2,CPU_FREQUENCY_3,CPU_FREQUENCY_4,CPU_FREQUENCY_5,CPU_FREQUENCY_6,CPU_FREQUENCY_7,CPU_FREQUENCY_8,CPU_FREQUENCY_9,CPU_USAGE_0,CPU_USAGE_1,CPU_USAGE_10,CPU_USAGE_11,CPU_USAGE_2,CPU_USAGE_3,CPU_USAGE_4,CPU_USAGE_5,CPU_USAGE_6,CPU_USAGE_7,CPU_USAGE_8,CPU_USAGE_9,DRAM_ENERGY (J),PACKAGE_ENERGY (J),PP0_ENERGY (J),PP1_ENERGY (J),TOTAL_MEMORY,TOTAL_SWAP,USED_MEMORY,USED_SWAP
0,1740538306251,2592,2592,2592,2592,2592,2592,2592,2592,2592,2592,2592,2592,100,100,100,100,100,100,100,100,100,100,100,100,34831.42352294922,239471.68719482422,182492.7520751953,7455.419738769531,16913207296,18253611008,9196081152,0
198,1740538306253,2592,2592,2592,2592,2592,2592,2592,2592,2592,2592,2592,2592,79.46916961669922,50.41549301147461,67.5014877319336,63.308834075927734,89.01618957519531,49.641441345214844,65.67127990722656,50.796119689941406,78.46994018554688,56.76652526855469,79.2414321899414,49.56211853027344,34831.43688964844,239472.0484008789,182493.1033935547,7455.419738769531,16913207296,18253611008,9195798528,0
200,1740538306451,2592,2592,2592,2592,2592,2592,2592,2592,2592,2592,2592,2592,4.925498962402344,2.9131622314453125,4.7364349365234375,2.2614822387695313,82.37853240966797,5.060218811035156,11.878608703613281,1.9883880615234375,56.2901611328125,1.6886520385742188,8.493743896484375,1.3230514526367188,34831.66882324219,239478.35778808594,182499.0479736328,7455.419738769531,16913207296,18253611008,9266905088,0
6,1740538306652,2592,2592,2592,2592,2592,2592,2592,2592,2592,2592,2592,2592,0.6668624877929688,0.395172119140625,1.5405960083007813,0,87.92337036132813,0,5.6814117431640625,0,0.190399169921875,0,7.438720703125,0,34831.9453125,239483.1724243164,182503.4637451172,7455.419738769531,16913207296,18253611008,9193680896,0
