Delta,Time,CPU_FREQUENCY_0,CPU_FREQUENCY_1,CPU_FREQUENCY_10,CPU_FREQUENCY_11,CPU_FREQUENCY_2,CPU_FREQUENCY_3,CPU_FREQUENCY_4,CPU_FREQUENCY_5,CPU_FREQUENCY_6,CPU_FREQUENCY_7,CPU_FREQUENCY_8,CPU_FREQUENCY_9,CPU_USAGE_0,CPU_USAGE_1,CPU_USAGE_10,CPU_USAGE_11,CPU_USAGE_2,CPU_USAGE_3,CPU_USAGE_4,CPU_USAGE_5,CPU_USAGE_6,CPU_USAGE_7,CPU_USAGE_8,CPU_USAGE_9,DRAM_ENERGY (J),PACKAGE_ENERGY (J),PP0_ENERGY (J),PP1_ENERGY (J),TOTAL_MEMORY,TOTAL_SWAP,USED_MEMORY,USED_SWAP
0,1740542241088,2592,2592,2592,2592,2592,2592,2592,2592,2592,2592,2592,2592,64.23638916015625,23.134613037109375,24.168487548828125,27.99388885498047,80.65625762939453,14.1571044921875,50.96162414550781,14.690986633300781,52.08757019042969,18.37700653076172,43.40034103393555,20.250381469726563,37670.66522216797,261172.34301757813,201125.6480102539,7545.167724609375,16913207296,18253611008,9234186240,0
198,1740542241090,2592,2592,2592,2592,2592,2592,2592,2592,2592,2592,2592,2592,100,100,100,100,100,100,100,100,100,100,100,100,37670.67834472656,261172.57055664063,201125.87145996094,7545.167724609375,16913207296,18253611008,9236307968,0
200,1740542241289,2592,2592,2592,2592,2592,2592,2592,2592,2592,2592,2592,2592,22.088523864746094,11.680084228515625,9.339820861816406,4.9002838134765625,75.74418640136719,4.484352111816406,60.648128509521484,4.004241943359375,7.773651123046875,4.758049011230469,8.7952880859375,3.8128509521484375,37670.885009765625,261178.83465576172,201131.7706298828,7545.167724609375,16913207296,18253611008,9291173888,0
200,1740542241489,2592,2592,2592,2592,2592,2592,2592,2592,2592,2592,2592,2592,0.5700225830078125,0.1427459716796875,1.403106689453125,0.4852142333984375,2.3675994873046875,3.23834228515625,99.92503356933594,0.07592010498046875,2.0325698852539063,0.24383544921875,0.5785675048828125,0.25931549072265625,37671.12268066406,261184.15728759766,201136.70532226563,7545.167724609375,16913207296,18253611008,9559379968,0
2,1740542241689,2592,2592,2592,2592,2592,2592,2592,2592,2592,2592,2592,2592,2.7747039794921875,1.4866714477539063,3.4382553100585938,2.2378768920898438,71.66412353515625,3.6749343872070313,36.08091354370117,1.7716293334960938,3.8419723510742188,1.646636962890625,12.924751281738281,1.295196533203125,37671.37127685547,261189.74517822266,201141.94635009766,7545.167724609375,16913207296,18253611008,9247625216,0
