Delta,Time,CPU_FREQUENCY_0,CPU_FREQUENCY_1,CPU_FREQUENCY_10,CPU_FREQUENCY_11,CPU_FREQUENCY_2,CPU_FREQUENCY_3,CPU_FREQUENCY_4,CPU_FREQUENCY_5,CPU_FREQUENCY_6,CPU_FREQUENCY_7,CPU_FREQUENCY_8,CPU_FREQUENCY_9,CPU_USAGE_0,CPU_USAGE_1,CPU_USAGE_10,CPU_USAGE_11,CPU_USAGE_2,CPU_USAGE_3,CPU_USAGE_4,CPU_USAGE_5,CPU_USAGE_6,CPU_USAGE_7,CPU_USAGE_8,CPU_USAGE_9,DRAM_ENERGY (J),PACKAGE_ENERGY (J),PP0_ENERGY (J),PP1_ENERGY (J),TOTAL_MEMORY,TOTAL_SWAP,USED_MEMORY,USED_SWAP
0,1740540214317,2592,2592,2592,2592,2592,2592,2592,2592,2592,2592,2592,2592,100,100,100,100,100,100,100,100,100,100,100,100,36206.490173339844,250155.36108398438,191679.75451660156,7499.5701904296875,16913207296,18253611008,9212850176,0
198,1740540214319,2592,2592,2592,2592,2592,2592,2592,2592,2592,2592,2592,2592,75.18984985351563,66.36769104003906,79.23306274414063,66.52122497558594,89.12552642822266,65.80598449707031,90.37751770019531,65.79127502441406,68.65031433105469,76.58641815185547,88.80245208740234,68.38802337646484,36206.498596191406,250155.56896972656,191679.9838256836,7499.5701904296875,16913207296,18253611008,9212878848,0
200,1740540214518,2592,2592,2592,2592,2592,2592,2592,2592,2592,2592,2592,2592,8.023872375488281,16.851173400878906,5.035957336425781,1.8604888916015625,72.06481170654297,11.635902404785156,58.64434814453125,0.7757720947265625,13.943199157714844,2.0166168212890625,21.3494873046875,1.3424758911132813,36206.728088378906,250162.1734008789,191686.19653320313,7499.5701904296875,16913207296,18253611008,9232969728,0
200,1740540214718,2592,2592,2592,2592,2592,2592,2592,2592,2592,2592,2592,2592,1.5461349487304688,2.3255081176757813,0.905853271484375,0.65887451171875,25.894851684570313,2.9564590454101563,73.96416473388672,0,9.565406799316406,0.05169677734375,1.4330596923828125,0.0699462890625,36206.94958496094,250167.0082397461,191690.64697265625,7499.5701904296875,16913207296,18253611008,9440272384,0
3,1740540214919,2592,2592,2592,2592,2592,2592,2592,2592,2592,2592,2592,2592,2.4647979736328125,2.0806961059570313,6.176902770996094,1.7447738647460938,95.29497528076172,2.2812423706054688,13.160758972167969,1.36651611328125,6.8904876708984375,1.5359725952148438,5.303184509277344,1.5006561279296875,36207.21728515625,250172.5259399414,191695.7709350586,7499.5701904296875,16913207296,18253611008,9543323648,0
