Delta,Time,CPU_FREQUENCY_0,CPU_FREQUENCY_1,CPU_FREQUENCY_10,CPU_FREQUENCY_11,CPU_FREQUENCY_2,CPU_FREQUENCY_3,CPU_FREQUENCY_4,CPU_FREQUENCY_5,CPU_FREQUENCY_6,CPU_FREQUENCY_7,CPU_FREQUENCY_8,CPU_FREQUENCY_9,CPU_USAGE_0,CPU_USAGE_1,CPU_USAGE_10,CPU_USAGE_11,CPU_USAGE_2,CPU_USAGE_3,CPU_USAGE_4,CPU_USAGE_5,CPU_USAGE_6,CPU_USAGE_7,CPU_USAGE_8,CPU_USAGE_9,DRAM_ENERGY (J),PACKAGE_ENERGY (J),PP0_ENERGY (J),PP1_ENERGY (J),TOTAL_MEMORY,TOTAL_SWAP,USED_MEMORY,USED_SWAP
0,1740536665177,2592,2592,2592,2592,2592,2592,2592,2592,2592,2592,2592,2592,100,100,100,100,100,100,100,100,100,100,100,100,33622.520568847656,223795.96337890625,168509.39819335938,7414.841857910156,16913207296,18253611008,9150328832,0
198,1740536665179,2592,2592,2592,2592,2592,2592,2592,2592,2592,2592,2592,2592,90.37924194335938,66.71483612060547,97.58489990234375,64.21980285644531,90.54293823242188,79.5940933227539,79.89142608642578,65.33049011230469,87.7352294921875,67.00961303710938,72.16975402832031,67.93165588378906,33622.53289794922,223796.27172851563,168509.681640625,7414.847900390625,16913207296,18253611008,9151299584,0
200,1740536665377,2592,2592,2592,2592,2592,2592,2592,2592,2592,2592,2592,2592,8.900810241699219,1.7471923828125,54.68612289428711,1.8861541748046875,73.63858032226563,8.76556396484375,9.633163452148438,5.2138519287109375,18.32445526123047,1.45428466796875,5.980255126953125,2.6510086059570313,33622.819580078125,223802.5643310547,168515.5405883789,7414.8817138671875,16913207296,18253611008,9207148544,0
5,1740536665578,2592,2592,2592,2592,2592,2592,2592,2592,2592,2592,2592,2592,3.1668701171875,0,0,0,72.11463928222656,0,4.548164367675781,0.20294189453125,14.07122802734375,0,3.86395263671875,0,33623.141174316406,223807.10961914063,168519.64190673828,7414.9197998046875,16913207296,18253611008,9136635904,0
