Delta,Time,CPU_FREQUENCY_0,CPU_FREQUENCY_1,CPU_FREQUENCY_10,CPU_FREQUENCY_11,CPU_FREQUENCY_2,CPU_FREQUENCY_3,CPU_FREQUENCY_4,CPU_FREQUENCY_5,CPU_FREQUENCY_6,CPU_FREQUENCY_7,CPU_FREQUENCY_8,CPU_FREQUENCY_9,CPU_USAGE_0,CPU_USAGE_1,CPU_USAGE_10,CPU_USAGE_11,CPU_USAGE_2,CPU_USAGE_3,CPU_USAGE_4,CPU_USAGE_5,CPU_USAGE_6,CPU_USAGE_7,CPU_USAGE_8,CPU_USAGE_9,DRAM_ENERGY (J),PACKAGE_ENERGY (J),PP0_ENERGY (J),PP1_ENERGY (J),TOTAL_MEMORY,TOTAL_SWAP,USED_MEMORY,USED_SWAP
0,1740534136286,2592,2592,2592,2592,2592,2592,2592,2592,2592,2592,2592,2592,9.02227783203125,1.3646163940429688,43.94554138183594,5.032905578613281,60.76755142211914,0,69.85608673095703,0,13.458244323730469,0,47.018798828125,0,31801.066467285156,209500.8631591797,156210.22607421875,7356.049011230469,16913207296,18253611008,9126567936,0
198,1740534136288,2592,2592,2592,2592,2592,2592,2592,2592,2592,2592,2592,2592,100,100,100,100,100,100,100,100,100,100,100,100,31801.0751953125,209500.9955444336,156210.35681152344,7356.049011230469,16913207296,18253611008,9126236160,0
200,1740534136487,2592,2592,2592,2592,2592,2592,2592,2592,2592,2592,2592,2592,10.495964050292969,5.709007263183594,36.90947341918945,6.1429290771484375,89.5714340209961,8.235122680664063,31.92296600341797,6.0508575439453125,9.728752136230469,8.821723937988281,10.055870056152344,7.732032775878906,31801.307861328125,209507.11010742188,156216.09771728516,7356.049011230469,16913207296,18253611008,9196752896,0
6,1740534136687,2592,2592,2592,2592,2592,2592,2592,2592,2592,2592,2592,2592,1.8382339477539063,0,0,0,63.21110153198242,0,23.90422821044922,0,6.820686340332031,0,0,0,31801.580139160156,209511.88891601563,156220.4810180664,7356.049011230469,16913207296,18253611008,9126846464,0
