Delta,Time,CPU_FREQUENCY_0,CPU_FREQUENCY_1,CPU_FREQUENCY_10,CPU_FREQUENCY_11,CPU_FREQUENCY_2,CPU_FREQUENCY_3,CPU_FREQUENCY_4,CPU_FREQUENCY_5,CPU_FREQUENCY_6,CPU_FREQUENCY_7,CPU_FREQUENCY_8,CPU_FREQUENCY_9,CPU_USAGE_0,CPU_USAGE_1,CPU_USAGE_10,CPU_USAGE_11,CPU_USAGE_2,CPU_USAGE_3,CPU_USAGE_4,CPU_USAGE_5,CPU_USAGE_6,CPU_USAGE_7,CPU_USAGE_8,CPU_USAGE_9,DRAM_ENERGY (J),PACKAGE_ENERGY (J),PP0_ENERGY (J),PP1_ENERGY (J),TOTAL_MEMORY,TOTAL_SWAP,USED_MEMORY,USED_SWAP
0,1740530349077,2592,2592,2592,2592,2592,2592,2592,2592,2592,2592,2592,2592,100,100,100,100,100,100,100,100,100,100,100,100,29072.22100830078,188873.017578125,138532.7416381836,7264.323547363281,16913207296,18253611008,9143513088,0
199,1740530349077,2592,2592,2592,2592,2592,2592,2592,2592,2592,2592,2592,2592,95.5638656616211,78.91351318359375,80.61454772949219,79.1565170288086,99.41934204101563,78.90966796875,90.17617797851563,78.91670227050781,80.1259765625,79.00623321533203,82.55859375,79.06826782226563,29072.226135253906,188873.0919189453,138532.8189086914,7264.323547363281,16913207296,18253611008,9145614336,0
200,1740530349277,2592,2592,2592,2592,2592,2592,2592,2592,2592,2592,2592,2592,8.614356994628906,1.2792205810546875,5.573974609375,0.93145751953125,83.65655517578125,2.3791427612304688,57.27629089355469,0,9.274993896484375,0,8.848068237304688,0.813873291015625,29072.465576171875,188879.57904052734,138538.93298339844,7264.323547363281,16913207296,18253611008,9229905920,0
200,1740530349477,2592,2592,2592,2592,2592,2592,2592,2592,2592,2592,2592,2592,1.7432327270507813,0.3071746826171875,0.470306396484375,0.69189453125,99.41218566894531,0.168426513671875,3.2531051635742188,0.2167510986328125,3.3389434814453125,0.45025634765625,1.173675537109375,0.17181396484375,29072.716552734375,188884.79022216797,138543.78009033203,7264.323547363281,16913207296,18253611008,9292722176,0
2,1740530349678,2592,2592,2592,2592,2592,2592,2592,2592,2592,2592,2592,2592,36.90873336791992,1.48101806640625,4.868965148925781,4.672233581542969,93.77720642089844,1.517913818359375,9.098045349121094,1.1250839233398438,7.564964294433594,1.542755126953125,6.9845428466796875,2.610595703125,29072.95166015625,188891.2215576172,138549.845703125,7264.323547363281,16913207296,18253611008,9204690944,0
