Delta,Time,CPU_FREQUENCY_0,CPU_FREQUENCY_1,CPU_FREQUENCY_10,CPU_FREQUENCY_11,CPU_FREQUENCY_2,CPU_FREQUENCY_3,CPU_FREQUENCY_4,CPU_FREQUENCY_5,CPU_FREQUENCY_6,CPU_FREQUENCY_7,CPU_FREQUENCY_8,CPU_FREQUENCY_9,CPU_USAGE_0,CPU_USAGE_1,CPU_USAGE_10,CPU_USAGE_11,CPU_USAGE_2,CPU_USAGE_3,CPU_USAGE_4,CPU_USAGE_5,CPU_USAGE_6,CPU_USAGE_7,CPU_USAGE_8,CPU_USAGE_9,DRAM_ENERGY (J),PACKAGE_ENERGY (J),PP0_ENERGY (J),PP1_ENERGY (J),TOTAL_MEMORY,TOTAL_SWAP,USED_MEMORY,USED_SWAP
0,1740547677733,2592,2592,2592,2592,2592,2592,2592,2592,2592,2592,2592,2592,6.953178405761719,0,45.44451141357422,2.0282745361328125,77.18682861328125,0,50.32603073120117,0,8.825141906738281,0,60.44253158569336,0,41592.11853027344,27417.42626953125,225317.7625732422,7667.87890625,16913207296,18253611008,9349640192,0
198,1740547677735,2592,2592,2592,2592,2592,2592,2592,2592,2592,2592,2592,2592,100,100,100,100,100,100,100,100,100,100,100,100,41592.12762451172,27417.590576171875,225317.93670654297,7667.87890625,16913207296,18253611008,9351233536,0
199,1740547677933,2592,2592,2592,2592,2592,2592,2592,2592,2592,2592,2592,2592,11.357772827148438,6.7330474853515625,13.900566101074219,6.958656311035156,87.50543975830078,6.6263275146484375,36.72939682006836,7.8350372314453125,27.71263885498047,6.238121032714844,10.231887817382813,9.75433349609375,41592.36474609375,27423.6640625,225323.60864257813,7667.87890625,16913207296,18253611008,9426567168,0
199,1740547678133,2592,2592,2592,2592,2592,2592,2592,2592,2592,2592,2592,2592,0.7836227416992188,0.18383026123046875,0.6755447387695313,0.355712890625,63.3825798034668,0.8183517456054688,41.151390075683594,0.145355224609375,0.8342437744140625,0.21276092529296875,1.2519607543945313,0.239288330078125,41592.6181640625,27428.610229492188,225328.1841430664,7667.87890625,16913207296,18253611008,9497935872,0
2,1740547678333,2592,2592,2592,2592,2592,2592,2592,2592,2592,2592,2592,2592,41.09440994262695,1.0004196166992188,3.6812591552734375,1.2596206665039063,2.862579345703125,33.97911071777344,16.491226196289063,1.5347061157226563,2.0930023193359375,1.6767044067382813,10.396942138671875,1.56549072265625,41592.82012939453,27430.825805664063,225330.15063476563,7667.87890625,16913207296,18253611008,9350615040,0
