Delta,Time,CPU_FREQUENCY_0,CPU_FREQUENCY_1,CPU_FREQUENCY_10,CPU_FREQUENCY_11,CPU_FREQUENCY_2,CPU_FREQUENCY_3,CPU_FREQUENCY_4,CPU_FREQUENCY_5,CPU_FREQUENCY_6,CPU_FREQUENCY_7,CPU_FREQUENCY_8,CPU_FREQUENCY_9,CPU_USAGE_0,CPU_USAGE_1,CPU_USAGE_10,CPU_USAGE_11,CPU_USAGE_2,CPU_USAGE_3,CPU_USAGE_4,CPU_USAGE_5,CPU_USAGE_6,CPU_USAGE_7,CPU_USAGE_8,CPU_USAGE_9,DRAM_ENERGY (J),PACKAGE_ENERGY (J),PP0_ENERGY (J),PP1_ENERGY (J),TOTAL_MEMORY,TOTAL_SWAP,USED_MEMORY,USED_SWAP
0,1740534005406,2592,2592,2592,2592,2592,2592,2592,2592,2592,2592,2592,2592,100,100,100,100,100,100,100,100,100,100,100,100,31707.719360351563,208946.97186279297,155751.44104003906,7353.4071044921875,16913207296,18253611008,9125900288,0
200,1740534005406,2592,2592,2592,2592,2592,2592,2592,2592,2592,2592,2592,2592,84.02210998535156,76.92686462402344,80.91813659667969,78.06558227539063,99.19969940185547,78.10140991210938,86.97958374023438,76.89103698730469,100,76.7707748413086,84.27352142333984,93.5278549194336,31707.726806640625,208947.16375732422,155751.63079833984,7353.4071044921875,16913207296,18253611008,9125679104,0
200,1740534005606,2592,2592,2592,2592,2592,2592,2592,2592,2592,2592,2592,2592,4.260841369628906,6.170692443847656,6.985893249511719,0,70.15837097167969,1.5434036254882813,56.76451110839844,0.6338958740234375,24.173805236816406,0.3052825927734375,10.306144714355469,15.612419128417969,31707.939392089844,208954.20166015625,155758.26342773438,7353.4071044921875,16913207296,18253611008,9166983168,0
199,1740534005807,2592,2592,2592,2592,2592,2592,2592,2592,2592,2592,2592,2592,0.6139602661132813,0.0698089599609375,2.7094497680664063,0.07120513916015625,2.8881607055664063,3.3666458129882813,32.041786193847656,0.0352020263671875,0.8614349365234375,0.33034515380859375,62.34918212890625,0.0955352783203125,31708.158325195313,208959.10681152344,155762.8228149414,7353.4071044921875,16913207296,18253611008,9385013248,0
3,1740534006007,2592,2592,2592,2592,2592,2592,2592,2592,2592,2592,2592,2592,5.834663391113281,1.2127609252929688,3.11187744140625,2.418548583984375,62.13130569458008,3.1103973388671875,15.595977783203125,1.7945404052734375,11.182640075683594,1.0605621337890625,36.06411361694336,0.9939651489257813,31708.419982910156,208964.74096679688,155768.07244873047,7353.4071044921875,16913207296,18253611008,9444356096,0
