Delta,Time,CPU_FREQUENCY_0,CPU_FREQUENCY_1,CPU_FREQUENCY_10,CPU_FREQUENCY_11,CPU_FREQUENCY_2,CPU_FREQUENCY_3,CPU_FREQUENCY_4,CPU_FREQUENCY_5,CPU_FREQUENCY_6,CPU_FREQUENCY_7,CPU_FREQUENCY_8,CPU_FREQUENCY_9,CPU_USAGE_0,CPU_USAGE_1,CPU_USAGE_10,CPU_USAGE_11,CPU_USAGE_2,CPU_USAGE_3,CPU_USAGE_4,CPU_USAGE_5,CPU_USAGE_6,CPU_USAGE_7,CPU_USAGE_8,CPU_USAGE_9,DRAM_ENERGY (J),PACKAGE_ENERGY (J),PP0_ENERGY (J),PP1_ENERGY (J),TOTAL_MEMORY,TOTAL_SWAP,USED_MEMORY,USED_SWAP
0,1740546751240,2592,2592,2592,2592,2592,2592,2592,2592,2592,2592,2592,2592,40.06278991699219,0,2.0381088256835938,2.3016433715820313,32.97216796875,0,92.11429595947266,0,48.3441162109375,0,16.566482543945313,0,40926.498046875,22968.727600097656,221578.72705078125,7648.189636230469,16913207296,18253611008,9261244416,0
198,1740546751242,2592,2592,2592,2592,2592,2592,2592,2592,2592,2592,2592,2592,100,100,100,100,100,100,100,100,100,100,100,100,40926.50701904297,22968.894653320313,221578.8959350586,7648.189636230469,16913207296,18253611008,9263644672,0
199,1740546751440,2592,2592,2592,2592,2592,2592,2592,2592,2592,2592,2592,2592,15.264305114746094,6.8273162841796875,9.969505310058594,6.4333343505859375,82.32381439208984,11.762092590332031,37.412532806396484,7.2378692626953125,27.17963409423828,6.643455505371094,12.178672790527344,6.765968322753906,40926.736572265625,22974.93310546875,221584.5708618164,7648.189636230469,16913207296,18253611008,9335373824,0
6,1740546751641,2592,2592,2592,2592,2592,2592,2592,2592,2592,2592,2592,2592,22.2030029296875,0.5454635620117188,8.674537658691406,0,74.10791015625,3.5504531860351563,18.1474609375,5.851310729980469,34.145042419433594,4.9798583984375,14.41705322265625,0,40927.071533203125,22981.3388671875,221590.53674316406,7648.189636230469,16913207296,18253611008,9287127040,0
