Delta,Time,CPU_FREQUENCY_0,CPU_FREQUENCY_1,CPU_FREQUENCY_10,CPU_FREQUENCY_11,CPU_FREQUENCY_2,CPU_FREQUENCY_3,CPU_FREQUENCY_4,CPU_FREQUENCY_5,CPU_FREQUENCY_6,CPU_FREQUENCY_7,CPU_FREQUENCY_8,CPU_FREQUENCY_9,CPU_USAGE_0,CPU_USAGE_1,CPU_USAGE_10,CPU_USAGE_11,CPU_USAGE_2,CPU_USAGE_3,CPU_USAGE_4,CPU_USAGE_5,CPU_USAGE_6,CPU_USAGE_7,CPU_USAGE_8,CPU_USAGE_9,DRAM_ENERGY (J),PACKAGE_ENERGY (J),PP0_ENERGY (J),PP1_ENERGY (J),TOTAL_MEMORY,TOTAL_SWAP,USED_MEMORY,USED_SWAP
0,1740534479590,2592,2592,2592,2592,2592,2592,2592,2592,2592,2592,2592,2592,100,100,100,100,100,100,100,100,100,100,100,100,32047.451538085938,211422.84075927734,157864.3392944336,7363.461364746094,16913207296,18253611008,9131057152,0
198,1740534479592,2592,2592,2592,2592,2592,2592,2592,2592,2592,2592,2592,2592,77.32849884033203,63.76160430908203,88.87747192382813,67.77447509765625,89.6307601928711,63.91736602783203,71.94183349609375,66.88584899902344,89.81333923339844,64.48297119140625,77.20783996582031,68.1734619140625,32047.45977783203,211423.0596923828,157864.58526611328,7363.461364746094,16913207296,18253611008,9130778624,0
200,1740534479790,2592,2592,2592,2592,2592,2592,2592,2592,2592,2592,2592,2592,10.276634216308594,4.060371398925781,19.387191772460938,2.6039352416992188,79.96267700195313,2.3889999389648438,30.291107177734375,1.7139129638671875,53.824398040771484,1.7747268676757813,25.668533325195313,1.902679443359375,32047.711547851563,211430.43969726563,157871.54357910156,7363.461364746094,16913207296,18253611008,9227145216,0
6,1740534479991,2592,2592,2592,2592,2592,2592,2592,2592,2592,2592,2592,2592,0,0,0,0,82.66983032226563,0,3.5514450073242188,0,5.791816711425781,0,1.7336273193359375,0,32047.988220214844,211434.90911865234,157875.62158203125,7363.461364746094,16913207296,18253611008,9124343808,0
