Delta,Time,CPU_FREQUENCY_0,CPU_FREQUENCY_1,CPU_FREQUENCY_10,CPU_FREQUENCY_11,CPU_FREQUENCY_2,CPU_FREQUENCY_3,CPU_FREQUENCY_4,CPU_FREQUENCY_5,CPU_FREQUENCY_6,CPU_FREQUENCY_7,CPU_FREQUENCY_8,CPU_FREQUENCY_9,CPU_USAGE_0,CPU_USAGE_1,CPU_USAGE_10,CPU_USAGE_11,CPU_USAGE_2,CPU_USAGE_3,CPU_USAGE_4,CPU_USAGE_5,CPU_USAGE_6,CPU_USAGE_7,CPU_USAGE_8,CPU_USAGE_9,DRAM_ENERGY (J),PACKAGE_ENERGY (J),PP0_ENERGY (J),PP1_ENERGY (J),TOTAL_MEMORY,TOTAL_SWAP,USED_MEMORY,USED_SWAP
0,1740535783441,2592,2592,2592,2592,2592,2592,2592,2592,2592,2592,2592,2592,22.571502685546875,0,50.31766891479492,0,14.050918579101563,0,80.7048110961914,0,0,0,0,37.536155700683594,32986.63635253906,218949.90551757813,164358.95764160156,7394.056701660156,16913207296,18253611008,9083043840,0
198,1740535783443,2592,2592,2592,2592,2592,2592,2592,2592,2592,2592,2592,2592,73.94482421875,65.92947387695313,100,65.379150390625,89.0087661743164,65.78916931152344,75.6605224609375,66.77963256835938,76.68622589111328,67.5855941772461,76.03018951416016,83.89305877685547,32986.647399902344,218950.07666015625,164359.10229492188,7394.056701660156,16913207296,18253611008,9082744832,0
200,1740535783641,2592,2592,2592,2592,2592,2592,2592,2592,2592,2592,2592,2592,5.573265075683594,2.038909912109375,32.23785400390625,0.04048919677734375,82.06814575195313,1.1747055053710938,25.582290649414063,2.1247177124023438,15.193092346191406,0.41289520263671875,4.696174621582031,3.9989089965820313,32986.88220214844,218956.34246826172,164364.9931640625,7394.056701660156,16913207296,18253611008,9148727296,0
6,1740535783842,2592,2592,2592,2592,2592,2592,2592,2592,2592,2592,2592,2592,2.5878982543945313,2.4122543334960938,30.781700134277344,7.350189208984375,86.43708801269531,0,31.276336669921875,0,11.993804931640625,1.1200485229492188,5.395484924316406,4.098045349121094,32987.220764160156,218962.79748535156,164371.0047607422,7394.056701660156,16913207296,18253611008,9110269952,0
