Delta,Time,CPU_FREQUENCY_0,CPU_FREQUENCY_1,CPU_FREQUENCY_10,CPU_FREQUENCY_11,CPU_FREQUENCY_2,CPU_FREQUENCY_3,CPU_FREQUENCY_4,CPU_FREQUENCY_5,CPU_FREQUENCY_6,CPU_FREQUENCY_7,CPU_FREQUENCY_8,CPU_FREQUENCY_9,CPU_USAGE_0,CPU_USAGE_1,CPU_USAGE_10,CPU_USAGE_11,CPU_USAGE_2,CPU_USAGE_3,CPU_USAGE_4,CPU_USAGE_5,CPU_USAGE_6,CPU_USAGE_7,CPU_USAGE_8,CPU_USAGE_9,DRAM_ENERGY (J),PACKAGE_ENERGY (J),PP0_ENERGY (J),PP1_ENERGY (J),TOTAL_MEMORY,TOTAL_SWAP,USED_MEMORY,USED_SWAP
0,1740536467355,2592,2592,2592,2592,2592,2592,2592,2592,2592,2592,2592,2592,39.90445327758789,43.96416091918945,34.223548889160156,23.6873779296875,73.02227020263672,13.712699890136719,32.83258819580078,12.432373046875,80.9933090209961,14.279319763183594,23.957252502441406,20.234580993652344,33479.53662109375,222858.87701416016,167719.69696044922,7410.22314453125,16913207296,18253611008,9093869568,0
198,1740536467357,2592,2592,2592,2592,2592,2592,2592,2592,2592,2592,2592,2592,100,100,100,100,100,100,100,100,100,100,100,100,33479.545471191406,222859.01434326172,167719.83666992188,7410.22314453125,16913207296,18253611008,9094787072,0
200,1740536467556,2592,2592,2592,2592,2592,2592,2592,2592,2592,2592,2592,2592,8.043960571289063,33.67189025878906,9.771720886230469,4.7631988525390625,57.05781173706055,6.860893249511719,53.33230209350586,5.221458435058594,18.199554443359375,6.71295166015625,9.513580322265625,5.1156158447265625,33479.776428222656,222865.32861328125,167725.7777709961,7410.22314453125,16913207296,18253611008,9166143488,0
200,1740536467756,2592,2592,2592,2592,2592,2592,2592,2592,2592,2592,2592,2592,12.76605224609375,0,0.7949905395507813,0.7040328979492188,4.475486755371094,3.2648239135742188,97.62076568603516,0.8343353271484375,4.614753723144531,0.082977294921875,1.2353897094726563,0.21446990966796875,33480.052978515625,222870.59606933594,167730.6417236328,7410.22314453125,16913207296,18253611008,9209405440,0
3,1740536467957,2592,2592,2592,2592,2592,2592,2592,2592,2592,2592,2592,2592,22.88892364501953,1.2204208374023438,2.4512863159179688,2.0847015380859375,7.03424072265625,8.862419128417969,16.175331115722656,1.6611862182617188,5.558868408203125,1.4267807006835938,3.4578399658203125,3.5741424560546875,33480.213317871094,222871.56634521484,167731.41345214844,7410.22314453125,16913207296,18253611008,9094782976,0
