Delta,Time,CPU_FREQUENCY_0,CPU_FREQUENCY_1,CPU_FREQUENCY_10,CPU_FREQUENCY_11,CPU_FREQUENCY_2,CPU_FREQUENCY_3,CPU_FREQUENCY_4,CPU_FREQUENCY_5,CPU_FREQUENCY_6,CPU_FREQUENCY_7,CPU_FREQUENCY_8,CPU_FREQUENCY_9,CPU_USAGE_0,CPU_USAGE_1,CPU_USAGE_10,CPU_USAGE_11,CPU_USAGE_2,CPU_USAGE_3,CPU_USAGE_4,CPU_USAGE_5,CPU_USAGE_6,CPU_USAGE_7,CPU_USAGE_8,CPU_USAGE_9,DRAM_ENERGY (J),PACKAGE_ENERGY (J),PP0_ENERGY (J),PP1_ENERGY (J),TOTAL_MEMORY,TOTAL_SWAP,USED_MEMORY,USED_SWAP
0,1740548552729,2592,2592,2592,2592,2592,2592,2592,2592,2592,2592,2592,2592,100,100,100,100,100,100,100,100,100,100,100,100,42221.93994140625,32029.003540039063,229243.58038330078,7686.974060058594,16913207296,18253611008,9211138048,0
200,1740548552729,2592,2592,2592,2592,2592,2592,2592,2592,2592,2592,2592,2592,75.22544860839844,66.24816131591797,84.45130157470703,60.05978012084961,99.15809631347656,59.00374221801758,98.89934539794922,65.5324478149414,75.20824432373047,74.71942138671875,84.14156341552734,67.46224975585938,42221.953186035156,32029.37872314453,229243.95013427734,7686.974060058594,16913207296,18253611008,9211744256,0
200,1740548552930,2592,2592,2592,2592,2592,2592,2592,2592,2592,2592,2592,2592,5.787223815917969,5.252784729003906,4.4796600341796875,4.184013366699219,83.18988037109375,3.44989013671875,40.990482330322266,2.324005126953125,25.94226837158203,2.2932586669921875,10.951957702636719,6.3351898193359375,42222.190002441406,32035.6552734375,229249.83813476563,7686.974060058594,16913207296,18253611008,9284845568,0
6,1740548553130,2592,2592,2592,2592,2592,2592,2592,2592,2592,2592,2592,2592,0.5098495483398438,0,7.647071838378906,0,78.4315185546875,3.906707763671875,0,0,4.802581787109375,0,0,0,42222.46417236328,32040.360229492188,229254.14086914063,7686.974060058594,16913207296,18253611008,9207586816,0
