Delta,Time,CPU_FREQUENCY_0,CPU_FREQUENCY_1,CPU_FREQUENCY_10,CPU_FREQUENCY_11,CPU_FREQUENCY_2,CPU_FREQUENCY_3,CPU_FREQUENCY_4,CPU_FREQUENCY_5,CPU_FREQUENCY_6,CPU_FREQUENCY_7,CPU_FREQUENCY_8,CPU_FREQUENCY_9,CPU_USAGE_0,CPU_USAGE_1,CPU_USAGE_10,CPU_USAGE_11,CPU_USAGE_2,CPU_USAGE_3,CPU_USAGE_4,CPU_USAGE_5,CPU_USAGE_6,CPU_USAGE_7,CPU_USAGE_8,CPU_USAGE_9,DRAM_ENERGY (J),PACKAGE_ENERGY (J),PP0_ENERGY (J),PP1_ENERGY (J),TOTAL_MEMORY,TOTAL_SWAP,USED_MEMORY,USED_SWAP
0,1740532512679,2592,2592,2592,2592,2592,2592,2592,2592,2592,2592,2592,2592,19.31280517578125,16.633514404296875,9.594207763671875,5.210693359375,62.622314453125,5.30584716796875,59.82780075073242,4.9441375732421875,27.85169219970703,8.233924865722656,40.13723373413086,8.675888061523438,30632.827392578125,200662.52813720703,148636.41729736328,7319.678161621094,16913207296,18253611008,9085816832,0
200,1740532512680,2592,2592,2592,2592,2592,2592,2592,2592,2592,2592,2592,2592,83.84636688232422,18.861740112304688,52.506813049316406,14.640792846679688,97.92203521728516,13.192970275878906,29.57665252685547,30.609390258789063,13.698081970214844,100,24.498008728027344,42.85464096069336,30632.833129882813,200662.63275146484,148636.53228759766,7319.678161621094,16913207296,18253611008,9086189568,0
200,1740532512880,2592,2592,2592,2592,2592,2592,2592,2592,2592,2592,2592,2592,4.602409362792969,0.37995147705078125,9.166915893554688,0,86.50324249267578,0.45110321044921875,5.536659240722656,0,3.7574844360351563,54.62310791015625,7.745582580566406,0.56512451171875,30633.07080078125,200669.0711669922,148642.59521484375,7319.678161621094,16913207296,18253611008,9184964608,0
6,1740532513080,2592,2592,2592,2592,2592,2592,2592,2592,2592,2592,2592,2592,0,0,0.8475418090820313,0,80.52335357666016,0,3.6573257446289063,0,5.087791442871094,0,7.570213317871094,0,30633.345336914063,200673.69799804688,148646.82385253906,7319.678161621094,16913207296,18253611008,9081769984,0
