Delta,Time,CPU_FREQUENCY_0,CPU_FREQUENCY_1,CPU_FREQUENCY_10,CPU_FREQUENCY_11,CPU_FREQUENCY_2,CPU_FREQUENCY_3,CPU_FREQUENCY_4,CPU_FREQUENCY_5,CPU_FREQUENCY_6,CPU_FREQUENCY_7,CPU_FREQUENCY_8,CPU_FREQUENCY_9,CPU_USAGE_0,CPU_USAGE_1,CPU_USAGE_10,CPU_USAGE_11,CPU_USAGE_2,CPU_USAGE_3,CPU_USAGE_4,CPU_USAGE_5,CPU_USAGE_6,CPU_USAGE_7,CPU_USAGE_8,CPU_USAGE_9,DRAM_ENERGY (J),PACKAGE_ENERGY (J),PP0_ENERGY (J),PP1_ENERGY (J),TOTAL_MEMORY,TOTAL_SWAP,USED_MEMORY,USED_SWAP
0,1740536135698,2592,2592,2592,2592,2592,2592,2592,2592,2592,2592,2592,2592,19.55152130126953,4.658576965332031,56.0576171875,4.6751251220703125,32.870384216308594,1.9508895874023438,54.441532135009766,29.657943725585938,65.76176452636719,7.162590026855469,22.806602478027344,0,33239.623046875,221182.76300048828,166301.96160888672,7403.454772949219,16913207296,18253611008,9112858624,0
198,1740536135700,2592,2592,2592,2592,2592,2592,2592,2592,2592,2592,2592,2592,100,100,100,100,100,100,100,100,100,100,100,100,33239.63311767578,221183.04864501953,166302.23974609375,7403.454772949219,16913207296,18253611008,9112469504,0
200,1740536135898,2592,2592,2592,2592,2592,2592,2592,2592,2592,2592,2592,2592,8.386886596679688,5.155830383300781,10.580215454101563,5.729454040527344,90.04517364501953,5.362701416015625,7.1610260009765625,55.46731948852539,12.531318664550781,8.466850280761719,9.64404296875,6.863105773925781,33239.867736816406,221189.49835205078,166308.32196044922,7403.454772949219,16913207296,18253611008,9179230208,0
2,1740536136099,2592,2592,2592,2592,2592,2592,2592,2592,2592,2592,2592,2592,0.8447952270507813,0.17546844482421875,1.6787338256835938,0.7885971069335938,62.28477096557617,0.8596420288085938,2.6462860107421875,0.43119049072265625,32.70683288574219,0.2255859375,10.206459045410156,0.29598236083984375,33240.14337158203,221194.42401123047,166312.83630371094,7403.454772949219,16913207296,18253611008,9103413248,0
